shift_start,shift_name,date,iso_year,iso_week,weekday,weekday_name,trips_total,trips_export,trips_europe,containers_count,orders_nunique,gross_tons
2023-12-11 02:00:00,morning,2023-12-11,2023,50,1,Monday,1,0,1,0,6,0.09244999999999999
2023-12-20 14:00:00,afternoon,2023-12-20,2023,51,3,Wednesday,1,0,1,0,1,1.05
2024-01-02 02:00:00,morning,2024-01-02,2024,1,2,Tuesday,25,7,18,0,251,337.4884
2024-01-02 14:00:00,afternoon,2024-01-02,2024,1,2,Tuesday,34,0,34,0,391,323.24224
2024-01-03 02:00:00,morning,2024-01-03,2024,1,3,Wednesday,21,6,15,0,140,337.21145
2024-01-03 14:00:00,afternoon,2024-01-03,2024,1,3,Wednesday,40,0,40,0,483,423.79241
2024-01-04 02:00:00,morning,2024-01-04,2024,1,4,Thursday,22,6,16,0,236,193.20381
2024-01-04 14:00:00,afternoon,2024-01-04,2024,1,4,Thursday,40,3,37,0,344,375.37984
2024-01-05 02:00:00,morning,2024-01-05,2024,1,5,Friday,22,10,12,2,154,276.94579
2024-01-05 14:00:00,afternoon,2024-01-05,2024,1,5,Friday,28,1,27,0,383,242.19207
2024-01-08 02:00:00,morning,2024-01-08,2024,2,1,Monday,28,11,17,0,225,389.467
2024-01-08 14:00:00,afternoon,2024-01-08,2024,2,1,Monday,32,2,31,0,328,300.24893
2024-01-09 02:00:00,morning,2024-01-09,2024,2,2,Tuesday,23,7,17,0,232,233.37190999999999
2024-01-09 14:00:00,afternoon,2024-01-09,2024,2,2,Tuesday,29,0,29,0,386,266.34204
2024-01-10 02:00:00,morning,2024-01-10,2024,2,3,Wednesday,25,10,15,3,212,232.49439999999998
2024-01-10 14:00:00,afternoon,2024-01-10,2024,2,3,Wednesday,32,0,32,0,367,289.91794
2024-01-11 02:00:00,morning,2024-01-11,2024,2,4,Thursday,15,8,7,2,111,113.36457
2024-01-11 14:00:00,afternoon,2024-01-11,2024,2,4,Thursday,38,2,36,0,440,336.54668
2024-01-12 02:00:00,morning,2024-01-12,2024,2,5,Friday,44,23,21,8,282,461.68247
2024-01-12 14:00:00,afternoon,2024-01-12,2024,2,5,Friday,33,1,32,0,390,315.64402
2024-01-15 02:00:00,morning,2024-01-15,2024,3,1,Monday,30,16,14,3,187,260.5844
2024-01-15 14:00:00,afternoon,2024-01-15,2024,3,1,Monday,25,0,25,0,438,192.39542
2024-01-16 02:00:00,morning,2024-01-16,2024,3,2,Tuesday,16,2,14,0,176,156.87035
2024-01-16 14:00:00,afternoon,2024-01-16,2024,3,2,Tuesday,29,0,29,0,378,230.5286
2024-01-17 02:00:00,morning,2024-01-17,2024,3,3,Wednesday,29,13,16,2,231,198.08915
2024-01-17 14:00:00,afternoon,2024-01-17,2024,3,3,Wednesday,29,0,29,0,364,245.769
2024-01-18 02:00:00,morning,2024-01-18,2024,3,4,Thursday,31,14,17,2,221,248.47009
2024-01-18 14:00:00,afternoon,2024-01-18,2024,3,4,Thursday,27,1,26,0,378,223.7866
2024-01-19 02:00:00,morning,2024-01-19,2024,3,5,Friday,34,21,13,5,271,338.01164
2024-01-19 14:00:00,afternoon,2024-01-19,2024,3,5,Friday,30,1,29,0,357,290.02031999999997
2024-01-22 02:00:00,morning,2024-01-22,2024,4,1,Monday,25,8,17,6,220,340.74162
2024-01-22 14:00:00,afternoon,2024-01-22,2024,4,1,Monday,36,1,35,0,395,290.35903
2024-01-23 02:00:00,morning,2024-01-23,2024,4,2,Tuesday,33,20,13,2,219,349.08339
2024-01-23 14:00:00,afternoon,2024-01-23,2024,4,2,Tuesday,38,0,38,0,428,458.88062
2024-01-24 02:00:00,morning,2024-01-24,2024,4,3,Wednesday,26,15,11,4,249,259.1704
2024-01-24 14:00:00,afternoon,2024-01-24,2024,4,3,Wednesday,38,0,38,0,369,384.50468
2024-01-25 02:00:00,morning,2024-01-25,2024,4,4,Thursday,29,15,14,9,282,394.16188
2024-01-25 14:00:00,afternoon,2024-01-25,2024,4,4,Thursday,34,2,32,0,358,314.26524
2024-01-26 02:00:00,morning,2024-01-26,2024,4,5,Friday,37,26,11,15,222,530.50917
2024-01-26 14:00:00,afternoon,2024-01-26,2024,4,5,Friday,33,4,29,0,268,293.42296
2024-01-29 02:00:00,morning,2024-01-29,2024,5,1,Monday,31,14,17,1,306,319.32198
2024-01-29 14:00:00,afternoon,2024-01-29,2024,5,1,Monday,36,3,33,0,405,337.81252
2024-01-30 02:00:00,morning,2024-01-30,2024,5,2,Tuesday,24,7,17,1,273,333.43477
2024-01-30 14:00:00,afternoon,2024-01-30,2024,5,2,Tuesday,33,0,33,0,337,234.84253
2024-01-31 02:00:00,morning,2024-01-31,2024,5,3,Wednesday,25,11,14,8,243,338.46247
2024-01-31 14:00:00,afternoon,2024-01-31,2024,5,3,Wednesday,32,2,30,0,383,243.1954
2024-02-01 02:00:00,morning,2024-02-01,2024,5,4,Thursday,30,12,18,5,251,301.05361
2024-02-01 14:00:00,afternoon,2024-02-01,2024,5,4,Thursday,30,0,30,0,322,287.09198
2024-02-02 02:00:00,morning,2024-02-02,2024,5,5,Friday,41,23,18,10,300,539.98163
2024-02-02 14:00:00,afternoon,2024-02-02,2024,5,5,Friday,25,0,25,0,380,276.03766
2024-02-05 02:00:00,morning,2024-02-05,2024,6,1,Monday,35,17,19,7,300,383.57441
2024-02-05 14:00:00,afternoon,2024-02-05,2024,6,1,Monday,31,0,31,0,344,349.25616
2024-02-06 02:00:00,morning,2024-02-06,2024,6,2,Tuesday,26,11,15,2,212,240.70651
2024-02-06 14:00:00,afternoon,2024-02-06,2024,6,2,Tuesday,39,3,36,0,396,324.53664
2024-02-07 02:00:00,morning,2024-02-07,2024,6,3,Wednesday,28,14,14,7,282,387.9999
2024-02-07 14:00:00,afternoon,2024-02-07,2024,6,3,Wednesday,30,1,29,0,404,326.81349
2024-02-08 02:00:00,morning,2024-02-08,2024,6,4,Thursday,27,14,13,3,276,248.79993
2024-02-08 14:00:00,afternoon,2024-02-08,2024,6,4,Thursday,36,0,36,0,378,302.10762
2024-02-09 02:00:00,morning,2024-02-09,2024,6,5,Friday,40,23,17,11,276,462.74985
2024-02-09 14:00:00,afternoon,2024-02-09,2024,6,5,Friday,24,0,24,0,348,206.01801
2024-02-12 02:00:00,morning,2024-02-12,2024,7,1,Monday,36,13,23,1,313,287.41283
2024-02-12 14:00:00,afternoon,2024-02-12,2024,7,1,Monday,29,0,29,0,412,265.70669
2024-02-13 02:00:00,morning,2024-02-13,2024,7,2,Tuesday,26,8,18,3,187,275.02661
2024-02-13 14:00:00,afternoon,2024-02-13,2024,7,2,Tuesday,37,0,37,0,444,387.37425
2024-02-14 02:00:00,morning,2024-02-14,2024,7,3,Wednesday,30,19,11,6,189,335.75954
2024-02-14 14:00:00,afternoon,2024-02-14,2024,7,3,Wednesday,34,0,34,0,477,328.40427
2024-02-15 02:00:00,morning,2024-02-15,2024,7,4,Thursday,46,20,26,6,293,417.2526
2024-02-15 14:00:00,afternoon,2024-02-15,2024,7,4,Thursday,30,1,29,1,323,257.75548
2024-02-16 02:00:00,morning,2024-02-16,2024,7,5,Friday,39,21,18,14,297,561.30449
2024-02-16 14:00:00,afternoon,2024-02-16,2024,7,5,Friday,33,0,33,0,390,375.45767
2024-02-19 02:00:00,morning,2024-02-19,2024,8,1,Monday,23,10,13,1,174,224.8566
2024-02-19 14:00:00,afternoon,2024-02-19,2024,8,1,Monday,37,0,37,0,450,338.23778
2024-02-20 02:00:00,morning,2024-02-20,2024,8,2,Tuesday,27,12,15,2,226,298.0744
2024-02-20 14:00:00,afternoon,2024-02-20,2024,8,2,Tuesday,35,3,32,0,398,344.94705
2024-02-21 02:00:00,morning,2024-02-21,2024,8,3,Wednesday,33,21,12,5,220,282.34209
2024-02-21 14:00:00,afternoon,2024-02-21,2024,8,3,Wednesday,34,2,32,2,449,296.22398
2024-02-22 02:00:00,morning,2024-02-22,2024,8,4,Thursday,36,23,13,9,251,355.32363
2024-02-22 14:00:00,afternoon,2024-02-22,2024,8,4,Thursday,38,0,38,0,414,367.89522
2024-02-23 02:00:00,morning,2024-02-23,2024,8,5,Friday,57,45,12,36,279,851.25076
2024-02-23 14:00:00,afternoon,2024-02-23,2024,8,5,Friday,32,0,32,0,418,341.77698
2024-02-26 02:00:00,morning,2024-02-26,2024,9,1,Monday,26,7,19,0,261,347.58858
2024-02-26 14:00:00,afternoon,2024-02-26,2024,9,1,Monday,32,0,32,0,364,340.79323
2024-02-27 02:00:00,morning,2024-02-27,2024,9,2,Tuesday,23,13,10,2,203,258.67077
2024-02-27 14:00:00,afternoon,2024-02-27,2024,9,2,Tuesday,38,0,38,0,446,411.34674
2024-02-28 02:00:00,morning,2024-02-28,2024,9,3,Wednesday,23,13,10,3,221,230.95333
2024-02-28 14:00:00,afternoon,2024-02-28,2024,9,3,Wednesday,34,0,34,0,386,336.53801
2024-02-29 02:00:00,morning,2024-02-29,2024,9,4,Thursday,28,14,14,4,214,272.09009
2024-02-29 14:00:00,afternoon,2024-02-29,2024,9,4,Thursday,37,2,35,0,427,354.64142
2024-03-01 02:00:00,morning,2024-03-01,2024,9,5,Friday,48,28,20,15,239,637.5652
2024-03-01 14:00:00,afternoon,2024-03-01,2024,9,5,Friday,38,3,35,2,340,460.46244
2024-03-04 02:00:00,morning,2024-03-04,2024,10,1,Monday,26,9,17,1,218,303.11883
2024-03-04 14:00:00,afternoon,2024-03-04,2024,10,1,Monday,28,0,28,0,322,267.47999
2024-03-05 02:00:00,morning,2024-03-05,2024,10,2,Tuesday,31,14,17,0,245,281.92734
2024-03-05 14:00:00,afternoon,2024-03-05,2024,10,2,Tuesday,34,0,34,0,371,332.26777
2024-03-06 02:00:00,morning,2024-03-06,2024,10,3,Wednesday,26,13,13,5,307,351.88339
2024-03-06 14:00:00,afternoon,2024-03-06,2024,10,3,Wednesday,33,1,32,0,382,284.53369
2024-03-07 02:00:00,morning,2024-03-07,2024,10,4,Thursday,30,13,17,4,257,306.73734
2024-03-07 14:00:00,afternoon,2024-03-07,2024,10,4,Thursday,27,0,27,0,339,257.38607
2024-03-08 02:00:00,morning,2024-03-08,2024,10,5,Friday,37,17,21,4,253,406.41325
2024-03-08 14:00:00,afternoon,2024-03-08,2024,10,5,Friday,27,0,27,0,345,280.44152
2024-03-11 02:00:00,morning,2024-03-11,2024,11,1,Monday,38,23,15,12,299,467.11178
2024-03-11 14:00:00,afternoon,2024-03-11,2024,11,1,Monday,37,1,37,0,403,444.70561
2024-03-12 02:00:00,morning,2024-03-12,2024,11,2,Tuesday,27,13,14,5,291,358.39948
2024-03-12 14:00:00,afternoon,2024-03-12,2024,11,2,Tuesday,33,0,33,0,409,302.43718
2024-03-13 02:00:00,morning,2024-03-13,2024,11,3,Wednesday,27,14,13,3,231,290.7992
2024-03-13 14:00:00,afternoon,2024-03-13,2024,11,3,Wednesday,32,0,32,0,438,323.43019
2024-03-14 02:00:00,morning,2024-03-14,2024,11,4,Thursday,25,15,11,3,238,253.30363
2024-03-14 14:00:00,afternoon,2024-03-14,2024,11,4,Thursday,29,0,29,0,395,266.66612
2024-03-15 02:00:00,morning,2024-03-15,2024,11,5,Friday,39,27,12,10,204,459.49432
2024-03-15 14:00:00,afternoon,2024-03-15,2024,11,5,Friday,37,0,37,0,495,389.87687
2024-03-18 02:00:00,morning,2024-03-18,2024,12,1,Monday,26,12,14,4,267,242.04686
2024-03-18 14:00:00,afternoon,2024-03-18,2024,12,1,Monday,40,3,37,1,438,444.8168
2024-03-19 02:00:00,morning,2024-03-19,2024,12,2,Tuesday,28,15,13,0,236,348.91257
2024-03-19 14:00:00,afternoon,2024-03-19,2024,12,2,Tuesday,40,0,40,0,412,386.11228
2024-03-20 02:00:00,morning,2024-03-20,2024,12,3,Wednesday,30,17,14,6,238,389.01368
2024-03-20 14:00:00,afternoon,2024-03-20,2024,12,3,Wednesday,34,0,34,0,441,387.10622
2024-03-21 02:00:00,morning,2024-03-21,2024,12,4,Thursday,44,21,23,8,251,505.9354
2024-03-21 14:00:00,afternoon,2024-03-21,2024,12,4,Thursday,30,0,30,0,348,264.24357
2024-03-22 02:00:00,morning,2024-03-22,2024,12,5,Friday,44,26,18,14,240,551.98008
2024-03-22 14:00:00,afternoon,2024-03-22,2024,12,5,Friday,36,2,34,0,421,370.83419
2024-03-25 02:00:00,morning,2024-03-25,2024,13,1,Monday,42,20,22,7,307,571.29745
2024-03-25 14:00:00,afternoon,2024-03-25,2024,13,1,Monday,33,0,33,0,319,358.93876
2024-03-26 02:00:00,morning,2024-03-26,2024,13,2,Tuesday,24,11,13,5,264,349.6102
2024-03-26 14:00:00,afternoon,2024-03-26,2024,13,2,Tuesday,32,1,31,0,293,311.00074
2024-03-27 02:00:00,morning,2024-03-27,2024,13,3,Wednesday,27,14,13,6,210,310.73795
2024-03-27 14:00:00,afternoon,2024-03-27,2024,13,3,Wednesday,36,1,35,0,367,435.87548
2024-03-28 02:00:00,morning,2024-03-28,2024,13,4,Thursday,61,52,9,28,196,698.99742
2024-03-28 14:00:00,afternoon,2024-03-28,2024,13,4,Thursday,28,0,28,0,338,265.99773999999996
2024-03-29 02:00:00,morning,2024-03-29,2024,13,5,Friday,16,1,15,0,169,236.61142
2024-03-29 14:00:00,afternoon,2024-03-29,2024,13,5,Friday,9,0,9,0,141,101.44207
2024-04-02 02:00:00,morning,2024-04-02,2024,14,2,Tuesday,35,8,27,2,217,410.05286
2024-04-02 14:00:00,afternoon,2024-04-02,2024,14,2,Tuesday,40,1,39,1,447,412.55142
2024-04-03 02:00:00,morning,2024-04-03,2024,14,3,Wednesday,33,22,11,6,221,393.25676
2024-04-03 14:00:00,afternoon,2024-04-03,2024,14,3,Wednesday,37,2,35,0,502,350.40927
2024-04-04 02:00:00,morning,2024-04-04,2024,14,4,Thursday,27,11,16,1,226,249.87252
2024-04-04 14:00:00,afternoon,2024-04-04,2024,14,4,Thursday,39,5,34,0,461,327.86361
2024-04-05 02:00:00,morning,2024-04-05,2024,14,5,Friday,28,13,15,6,280,361.05082
2024-04-05 14:00:00,afternoon,2024-04-05,2024,14,5,Friday,30,0,30,0,442,303.52736
2024-04-08 02:00:00,morning,2024-04-08,2024,15,1,Monday,27,11,16,4,275,246.15751
2024-04-08 14:00:00,afternoon,2024-04-08,2024,15,1,Monday,25,0,25,0,413,247.39578
2024-04-09 02:00:00,morning,2024-04-09,2024,15,2,Tuesday,34,13,21,2,298,380.02598
2024-04-09 14:00:00,afternoon,2024-04-09,2024,15,2,Tuesday,33,0,33,0,414,276.76865
2024-04-10 02:00:00,morning,2024-04-10,2024,15,3,Wednesday,35,17,18,4,276,408.94601
2024-04-10 14:00:00,afternoon,2024-04-10,2024,15,3,Wednesday,33,0,33,0,437,336.67882
2024-04-11 02:00:00,morning,2024-04-11,2024,15,4,Thursday,28,11,17,2,222,231.57494
2024-04-11 14:00:00,afternoon,2024-04-11,2024,15,4,Thursday,33,0,33,0,390,249.45786
2024-04-12 02:00:00,morning,2024-04-12,2024,15,5,Friday,37,20,17,10,233,398.80435
2024-04-12 14:00:00,afternoon,2024-04-12,2024,15,5,Friday,26,0,26,0,363,305.413
2024-04-15 02:00:00,morning,2024-04-15,2024,16,1,Monday,29,14,15,7,219,294.82482
2024-04-15 14:00:00,afternoon,2024-04-15,2024,16,1,Monday,28,0,28,0,280,256.29635
2024-04-16 02:00:00,morning,2024-04-16,2024,16,2,Tuesday,27,12,15,3,220,240.10333
2024-04-16 14:00:00,afternoon,2024-04-16,2024,16,2,Tuesday,31,2,29,0,434,274.99525
2024-04-17 02:00:00,morning,2024-04-17,2024,16,3,Wednesday,38,15,23,5,259,444.89162
2024-04-17 14:00:00,afternoon,2024-04-17,2024,16,3,Wednesday,28,1,27,0,469,223.33626
2024-04-18 02:00:00,morning,2024-04-18,2024,16,4,Thursday,23,11,13,3,246,154.55858
2024-04-18 14:00:00,afternoon,2024-04-18,2024,16,4,Thursday,35,2,33,0,354,377.58954
2024-04-19 02:00:00,morning,2024-04-19,2024,16,5,Friday,37,23,14,16,280,437.50911
2024-04-19 14:00:00,afternoon,2024-04-19,2024,16,5,Friday,28,2,26,0,320,285.11045
2024-04-22 02:00:00,morning,2024-04-22,2024,17,1,Monday,35,18,17,14,250,407.0108
2024-04-22 14:00:00,afternoon,2024-04-22,2024,17,1,Monday,29,0,29,0,361,340.35001
2024-04-23 02:00:00,morning,2024-04-23,2024,17,2,Tuesday,26,18,8,8,188,344.88358999999997
2024-04-23 14:00:00,afternoon,2024-04-23,2024,17,2,Tuesday,34,0,34,0,446,334.73322
2024-04-24 02:00:00,morning,2024-04-24,2024,17,3,Wednesday,38,26,12,12,218,436.38887
2024-04-24 14:00:00,afternoon,2024-04-24,2024,17,3,Wednesday,42,0,42,0,392,433.05079
2024-04-25 02:00:00,morning,2024-04-25,2024,17,4,Thursday,51,34,17,19,291,491.99973
2024-04-25 14:00:00,afternoon,2024-04-25,2024,17,4,Thursday,35,1,34,0,307,364.19474
2024-04-26 02:00:00,morning,2024-04-26,2024,17,5,Friday,57,42,16,25,283,722.65291
2024-04-26 14:00:00,afternoon,2024-04-26,2024,17,5,Friday,29,0,29,0,397,309.66036
2024-04-29 02:00:00,morning,2024-04-29,2024,18,1,Monday,21,10,11,0,201,189.96379000000002
2024-04-29 14:00:00,afternoon,2024-04-29,2024,18,1,Monday,35,0,35,0,382,336.47717
2024-04-30 02:00:00,morning,2024-04-30,2024,18,2,Tuesday,27,9,18,1,235,242.02883
2024-04-30 14:00:00,afternoon,2024-04-30,2024,18,2,Tuesday,24,0,24,0,290,231.6303
2024-05-02 02:00:00,morning,2024-05-02,2024,18,4,Thursday,27,12,16,0,160,238.1905
2024-05-02 14:00:00,afternoon,2024-05-02,2024,18,4,Thursday,26,0,26,0,381,290.46287
2024-05-03 02:00:00,morning,2024-05-03,2024,18,5,Friday,63,42,21,19,339,753.47688
2024-05-03 14:00:00,afternoon,2024-05-03,2024,18,5,Friday,26,0,26,0,381,308.02598
2024-05-06 02:00:00,morning,2024-05-06,2024,19,1,Monday,32,14,18,6,277,436.20137
2024-05-06 14:00:00,afternoon,2024-05-06,2024,19,1,Monday,33,0,33,0,335,306.67765
2024-05-07 02:00:00,morning,2024-05-07,2024,19,2,Tuesday,23,12,11,2,210,205.00417
2024-05-07 14:00:00,afternoon,2024-05-07,2024,19,2,Tuesday,31,0,31,0,374,350.21325
2024-05-08 02:00:00,morning,2024-05-08,2024,19,3,Wednesday,13,1,12,0,126,135.29088
2024-05-08 14:00:00,afternoon,2024-05-08,2024,19,3,Wednesday,12,0,12,0,172,86.94223
2024-05-09 02:00:00,morning,2024-05-09,2024,19,4,Thursday,40,25,15,7,321,390.78399
2024-05-09 14:00:00,afternoon,2024-05-09,2024,19,4,Thursday,40,0,40,0,377,428.45607
2024-05-10 02:00:00,morning,2024-05-10,2024,19,5,Friday,46,31,15,10,208,465.72396000000003
2024-05-10 14:00:00,afternoon,2024-05-10,2024,19,5,Friday,29,1,28,1,281,314.37812
2024-05-13 02:00:00,morning,2024-05-13,2024,20,1,Monday,29,13,16,4,165,266.34557
2024-05-13 14:00:00,afternoon,2024-05-13,2024,20,1,Monday,33,0,33,0,349,348.53278
2024-05-14 02:00:00,morning,2024-05-14,2024,20,2,Tuesday,23,13,10,1,195,220.64456
2024-05-14 14:00:00,afternoon,2024-05-14,2024,20,2,Tuesday,42,1,41,0,366,367.00134
2024-05-15 02:00:00,morning,2024-05-15,2024,20,3,Wednesday,38,21,17,6,223,348.15559
2024-05-15 14:00:00,afternoon,2024-05-15,2024,20,3,Wednesday,31,1,30,0,323,284.29795
2024-05-16 02:00:00,morning,2024-05-16,2024,20,4,Thursday,34,20,14,10,247,308.21244
2024-05-16 14:00:00,afternoon,2024-05-16,2024,20,4,Thursday,33,0,33,0,290,352.57404
2024-05-17 02:00:00,morning,2024-05-17,2024,20,5,Friday,52,32,20,13,298,587.23603
2024-05-17 14:00:00,afternoon,2024-05-17,2024,20,5,Friday,17,0,17,0,204,230.44781
2024-05-20 02:00:00,morning,2024-05-20,2024,21,1,Monday,42,21,21,6,263,359.01293
2024-05-20 14:00:00,afternoon,2024-05-20,2024,21,1,Monday,36,0,36,0,368,348.86071
2024-05-21 02:00:00,morning,2024-05-21,2024,21,2,Tuesday,34,25,9,11,184,449.28674
2024-05-21 14:00:00,afternoon,2024-05-21,2024,21,2,Tuesday,29,2,27,0,316,378.74626
2024-05-22 02:00:00,morning,2024-05-22,2024,21,3,Wednesday,30,17,13,8,283,383.66714
2024-05-22 14:00:00,afternoon,2024-05-22,2024,21,3,Wednesday,31,0,31,0,337,258.13232
2024-05-23 02:00:00,morning,2024-05-23,2024,21,4,Thursday,42,30,13,18,245,585.46575
2024-05-23 14:00:00,afternoon,2024-05-23,2024,21,4,Thursday,35,3,32,0,368,316.68688
2024-05-24 02:00:00,morning,2024-05-24,2024,21,5,Friday,37,24,13,15,272,497.23093
2024-05-24 14:00:00,afternoon,2024-05-24,2024,21,5,Friday,37,0,37,0,455,341.68605
2024-05-27 02:00:00,morning,2024-05-27,2024,22,1,Monday,28,7,21,3,221,350.58097
2024-05-27 14:00:00,afternoon,2024-05-27,2024,22,1,Monday,12,0,12,0,106,85.68423
2024-05-28 02:00:00,morning,2024-05-28,2024,22,2,Tuesday,30,5,25,2,328,364.49345999999997
2024-05-28 14:00:00,afternoon,2024-05-28,2024,22,2,Tuesday,37,0,37,0,550,293.83215
2024-05-29 02:00:00,morning,2024-05-29,2024,22,3,Wednesday,29,7,22,1,265,299.73365
2024-05-29 14:00:00,afternoon,2024-05-29,2024,22,3,Wednesday,32,2,30,0,400,310.75565
2024-05-30 02:00:00,morning,2024-05-30,2024,22,4,Thursday,39,20,19,7,179,358.21727
2024-05-30 14:00:00,afternoon,2024-05-30,2024,22,4,Thursday,27,0,27,0,272,252.31149
2024-05-31 02:00:00,morning,2024-05-31,2024,22,5,Friday,41,20,21,7,330,451.90556
2024-05-31 14:00:00,afternoon,2024-05-31,2024,22,5,Friday,24,0,24,0,325,244.44869
2024-06-03 02:00:00,morning,2024-06-03,2024,23,1,Monday,27,13,14,8,191,324.96589
2024-06-03 14:00:00,afternoon,2024-06-03,2024,23,1,Monday,30,0,30,0,341,281.31282
2024-06-04 02:00:00,morning,2024-06-04,2024,23,2,Tuesday,27,8,19,5,241,407.17073
2024-06-04 14:00:00,afternoon,2024-06-04,2024,23,2,Tuesday,27,0,27,0,321,240.32389999999998
2024-06-05 02:00:00,morning,2024-06-05,2024,23,3,Wednesday,27,22,6,4,111,202.77778
2024-06-05 14:00:00,afternoon,2024-06-05,2024,23,3,Wednesday,38,1,37,0,500,395.39868
2024-06-06 02:00:00,morning,2024-06-06,2024,23,4,Thursday,36,18,18,7,193,384.34937
2024-06-06 14:00:00,afternoon,2024-06-06,2024,23,4,Thursday,38,2,36,0,334,317.17798999999997
2024-06-07 02:00:00,morning,2024-06-07,2024,23,5,Friday,45,23,22,9,296,538.5909
2024-06-07 14:00:00,afternoon,2024-06-07,2024,23,5,Friday,25,0,25,0,377,265.56516
2024-06-10 02:00:00,morning,2024-06-10,2024,24,1,Monday,28,10,18,2,254,288.81739999999996
2024-06-10 14:00:00,afternoon,2024-06-10,2024,24,1,Monday,31,0,31,0,332,251.16949
2024-06-11 02:00:00,morning,2024-06-11,2024,24,2,Tuesday,17,8,9,2,187,172.89749
2024-06-11 14:00:00,afternoon,2024-06-11,2024,24,2,Tuesday,32,0,32,0,444,297.0037
2024-06-12 02:00:00,morning,2024-06-12,2024,24,3,Wednesday,38,29,9,14,211,397.51934
2024-06-12 14:00:00,afternoon,2024-06-12,2024,24,3,Wednesday,38,0,38,0,439,368.05568999999997
2024-06-13 02:00:00,morning,2024-06-13,2024,24,4,Thursday,41,25,16,14,209,480.05823000000004
2024-06-13 14:00:00,afternoon,2024-06-13,2024,24,4,Thursday,31,0,31,0,300,300.9498
2024-06-14 02:00:00,morning,2024-06-14,2024,24,5,Friday,37,23,14,15,243,502.75771
2024-06-14 14:00:00,afternoon,2024-06-14,2024,24,5,Friday,36,5,31,0,391,309.75826
2024-06-17 02:00:00,morning,2024-06-17,2024,25,1,Monday,40,14,27,3,275,398.87047
2024-06-17 14:00:00,afternoon,2024-06-17,2024,25,1,Monday,32,1,31,0,413,406.01598
2024-06-18 02:00:00,morning,2024-06-18,2024,25,2,Tuesday,19,5,14,2,242,212.60363
2024-06-18 14:00:00,afternoon,2024-06-18,2024,25,2,Tuesday,37,1,36,0,342,319.95625
2024-06-19 02:00:00,morning,2024-06-19,2024,25,3,Wednesday,28,8,20,0,229,317.11014
2024-06-19 14:00:00,afternoon,2024-06-19,2024,25,3,Wednesday,27,0,27,0,354,291.88618
2024-06-20 02:00:00,morning,2024-06-20,2024,25,4,Thursday,27,13,14,6,260,331.42354
2024-06-20 14:00:00,afternoon,2024-06-20,2024,25,4,Thursday,28,0,28,0,352,326.35862
2024-06-21 02:00:00,morning,2024-06-21,2024,25,5,Friday,44,29,15,13,196,490.93254
2024-06-21 14:00:00,afternoon,2024-06-21,2024,25,5,Friday,34,0,34,0,335,392.72836
2024-06-24 02:00:00,morning,2024-06-24,2024,26,1,Monday,29,9,20,5,257,464.01081
2024-06-24 14:00:00,afternoon,2024-06-24,2024,26,1,Monday,32,0,32,0,257,345.9646
2024-06-25 02:00:00,morning,2024-06-25,2024,26,2,Tuesday,34,17,17,1,310,434.05776
2024-06-25 14:00:00,afternoon,2024-06-25,2024,26,2,Tuesday,41,1,40,0,379,423.96243
2024-06-26 02:00:00,morning,2024-06-26,2024,26,3,Wednesday,39,19,21,5,245,502.52375
2024-06-26 14:00:00,afternoon,2024-06-26,2024,26,3,Wednesday,39,2,37,0,412,389.38165
2024-06-27 02:00:00,morning,2024-06-27,2024,26,4,Thursday,42,29,13,11,257,473.95182
2024-06-27 14:00:00,afternoon,2024-06-27,2024,26,4,Thursday,41,1,40,0,338,416.69077
2024-06-28 02:00:00,morning,2024-06-28,2024,26,5,Friday,53,37,16,25,269,633.00365
2024-06-28 14:00:00,afternoon,2024-06-28,2024,26,5,Friday,34,2,32,1,362,336.6529
2024-07-01 02:00:00,morning,2024-07-01,2024,27,1,Monday,37,11,26,2,245,355.89967
2024-07-01 14:00:00,afternoon,2024-07-01,2024,27,1,Monday,34,1,33,0,342,357.52076
2024-07-02 02:00:00,morning,2024-07-02,2024,27,2,Tuesday,12,6,6,1,161,145.76236
2024-07-02 14:00:00,afternoon,2024-07-02,2024,27,2,Tuesday,38,1,37,0,380,330.60886999999997
2024-07-03 02:00:00,morning,2024-07-03,2024,27,3,Wednesday,36,14,22,2,220,319.87838
2024-07-03 14:00:00,afternoon,2024-07-03,2024,27,3,Wednesday,23,0,23,0,310,175.44089
2024-07-04 02:00:00,morning,2024-07-04,2024,27,4,Thursday,33,16,18,5,261,293.68898
2024-07-04 14:00:00,afternoon,2024-07-04,2024,27,4,Thursday,33,4,29,2,441,318.26773
2024-07-05 02:00:00,morning,2024-07-05,2024,27,5,Friday,11,0,11,0,129,169.77048
2024-07-05 14:00:00,afternoon,2024-07-05,2024,27,5,Friday,13,0,13,0,209,120.43259
2024-07-08 02:00:00,morning,2024-07-08,2024,28,1,Monday,31,14,17,4,243,321.08574
2024-07-08 14:00:00,afternoon,2024-07-08,2024,28,1,Monday,45,1,44,1,471,477.3452
2024-07-09 02:00:00,morning,2024-07-09,2024,28,2,Tuesday,28,15,13,6,168,286.07816
2024-07-09 14:00:00,afternoon,2024-07-09,2024,28,2,Tuesday,36,1,35,1,365,376.69566
2024-07-10 02:00:00,morning,2024-07-10,2024,28,3,Wednesday,29,15,14,5,193,312.9899
2024-07-10 14:00:00,afternoon,2024-07-10,2024,28,3,Wednesday,27,0,27,0,384,250.32938
2024-07-11 02:00:00,morning,2024-07-11,2024,28,4,Thursday,32,13,19,3,249,295.90502
2024-07-11 14:00:00,afternoon,2024-07-11,2024,28,4,Thursday,33,1,32,0,311,266.18357
2024-07-12 02:00:00,morning,2024-07-12,2024,28,5,Friday,35,19,16,8,248,329.15827
2024-07-12 14:00:00,afternoon,2024-07-12,2024,28,5,Friday,27,2,25,0,385,230.75097
2024-07-15 02:00:00,morning,2024-07-15,2024,29,1,Monday,27,9,18,4,221,309.69178
2024-07-15 14:00:00,afternoon,2024-07-15,2024,29,1,Monday,29,0,29,0,477,248.81365
2024-07-16 02:00:00,morning,2024-07-16,2024,29,2,Tuesday,16,6,10,1,176,198.01615
2024-07-16 14:00:00,afternoon,2024-07-16,2024,29,2,Tuesday,38,0,38,0,333,322.62317
2024-07-17 02:00:00,morning,2024-07-17,2024,29,3,Wednesday,31,14,17,2,201,259.28796
2024-07-17 14:00:00,afternoon,2024-07-17,2024,29,3,Wednesday,29,0,29,0,312,234.51659999999998
2024-07-18 02:00:00,morning,2024-07-18,2024,29,4,Thursday,33,22,11,10,189,363.03824000000003
2024-07-18 14:00:00,afternoon,2024-07-18,2024,29,4,Thursday,29,0,29,0,318,248.29865
2024-07-19 02:00:00,morning,2024-07-19,2024,29,5,Friday,23,18,5,12,104,326.68844
2024-07-19 14:00:00,afternoon,2024-07-19,2024,29,5,Friday,3,0,3,0,3,52.61682999999999
2024-07-22 02:00:00,morning,2024-07-22,2024,30,1,Monday,15,9,6,2,68,145.22657
2024-07-22 14:00:00,afternoon,2024-07-22,2024,30,1,Monday,34,1,33,1,456,353.97408
2024-07-23 02:00:00,morning,2024-07-23,2024,30,2,Tuesday,23,12,11,0,150,169.32076
2024-07-23 14:00:00,afternoon,2024-07-23,2024,30,2,Tuesday,38,2,36,1,463,304.18432
2024-07-24 02:00:00,morning,2024-07-24,2024,30,3,Wednesday,38,17,21,2,197,374.08011999999997
2024-07-24 14:00:00,afternoon,2024-07-24,2024,30,3,Wednesday,31,2,29,2,392,324.04933
2024-07-25 02:00:00,morning,2024-07-25,2024,30,4,Thursday,30,21,9,7,189,266.89003
2024-07-25 14:00:00,afternoon,2024-07-25,2024,30,4,Thursday,32,1,31,1,426,318.03398
2024-07-26 02:00:00,morning,2024-07-26,2024,30,5,Friday,38,26,12,10,206,331.82685
2024-07-26 14:00:00,afternoon,2024-07-26,2024,30,5,Friday,30,1,29,1,285,311.54299
2024-07-29 02:00:00,morning,2024-07-29,2024,31,1,Monday,22,8,14,1,199,171.04153
2024-07-29 14:00:00,afternoon,2024-07-29,2024,31,1,Monday,21,1,20,1,243,140.22007
2024-07-30 02:00:00,morning,2024-07-30,2024,31,2,Tuesday,21,12,9,2,117,187.66427
2024-07-30 14:00:00,afternoon,2024-07-30,2024,31,2,Tuesday,31,1,30,1,295,243.13686
2024-07-31 02:00:00,morning,2024-07-31,2024,31,3,Wednesday,27,13,14,4,135,288.58472
2024-07-31 14:00:00,afternoon,2024-07-31,2024,31,3,Wednesday,27,0,27,0,261,199.78453
2024-08-01 02:00:00,morning,2024-08-01,2024,31,4,Thursday,27,11,16,5,156,221.04509000000002
2024-08-01 14:00:00,afternoon,2024-08-01,2024,31,4,Thursday,20,0,20,0,253,164.87099
2024-08-02 02:00:00,morning,2024-08-02,2024,31,5,Friday,34,19,15,6,237,293.13973
2024-08-02 14:00:00,afternoon,2024-08-02,2024,31,5,Friday,21,0,21,0,296,138.96722
2024-08-05 02:00:00,morning,2024-08-05,2024,32,1,Monday,21,11,10,5,140,185.87535
2024-08-05 14:00:00,afternoon,2024-08-05,2024,32,1,Monday,33,2,31,0,332,270.96837
2024-08-06 02:00:00,morning,2024-08-06,2024,32,2,Tuesday,27,13,14,3,175,270.37221
2024-08-06 14:00:00,afternoon,2024-08-06,2024,32,2,Tuesday,29,0,29,0,276,238.83618
2024-08-07 02:00:00,morning,2024-08-07,2024,32,3,Wednesday,24,10,14,3,183,173.26316
2024-08-07 14:00:00,afternoon,2024-08-07,2024,32,3,Wednesday,33,0,33,0,329,316.24043
2024-08-08 02:00:00,morning,2024-08-08,2024,32,4,Thursday,25,15,10,0,106,152.18326000000002
2024-08-08 14:00:00,afternoon,2024-08-08,2024,32,4,Thursday,21,0,21,0,205,162.53184
2024-08-09 02:00:00,morning,2024-08-09,2024,32,5,Friday,36,21,15,10,233,377.93595
2024-08-09 14:00:00,afternoon,2024-08-09,2024,32,5,Friday,24,1,23,0,282,185.61697999999998
2024-08-12 02:00:00,morning,2024-08-12,2024,33,1,Monday,30,13,17,8,153,351.99649
2024-08-12 14:00:00,afternoon,2024-08-12,2024,33,1,Monday,20,0,20,0,208,165.88954999999999
2024-08-13 02:00:00,morning,2024-08-13,2024,33,2,Tuesday,19,9,10,4,169,238.28178
2024-08-13 14:00:00,afternoon,2024-08-13,2024,33,2,Tuesday,30,0,30,0,373,205.07329
2024-08-14 02:00:00,morning,2024-08-14,2024,33,3,Wednesday,16,6,10,1,125,132.3788
2024-08-14 14:00:00,afternoon,2024-08-14,2024,33,3,Wednesday,23,0,23,0,277,169.11574
2024-08-15 02:00:00,morning,2024-08-15,2024,33,4,Thursday,31,19,12,4,154,262.33261
2024-08-15 14:00:00,afternoon,2024-08-15,2024,33,4,Thursday,22,0,22,0,222,157.01032
2024-08-16 02:00:00,morning,2024-08-16,2024,33,5,Friday,34,25,9,13,271,392.0577
2024-08-16 14:00:00,afternoon,2024-08-16,2024,33,5,Friday,18,0,18,0,173,120.98889
2024-08-19 02:00:00,morning,2024-08-19,2024,34,1,Monday,29,9,20,2,193,274.73767
2024-08-19 14:00:00,afternoon,2024-08-19,2024,34,1,Monday,22,0,22,0,222,201.43001999999998
2024-08-20 02:00:00,morning,2024-08-20,2024,34,2,Tuesday,19,7,12,1,163,152.54262
2024-08-20 14:00:00,afternoon,2024-08-20,2024,34,2,Tuesday,26,0,26,0,349,222.08261
2024-08-21 02:00:00,morning,2024-08-21,2024,34,3,Wednesday,28,14,15,5,245,275.38263
2024-08-21 14:00:00,afternoon,2024-08-21,2024,34,3,Wednesday,24,1,23,1,303,214.19134
2024-08-22 02:00:00,morning,2024-08-22,2024,34,4,Thursday,34,17,18,3,227,248.13623
2024-08-22 14:00:00,afternoon,2024-08-22,2024,34,4,Thursday,19,0,19,0,179,118.77476
2024-08-23 02:00:00,morning,2024-08-23,2024,34,5,Friday,32,17,15,3,265,403.70038
2024-08-23 14:00:00,afternoon,2024-08-23,2024,34,5,Friday,23,2,21,0,362,144.07304
2024-08-26 02:00:00,morning,2024-08-26,2024,35,1,Monday,27,6,21,0,104,235.11737
2024-08-26 14:00:00,afternoon,2024-08-26,2024,35,1,Monday,29,1,28,0,395,236.12290000000002
2024-08-27 02:00:00,morning,2024-08-27,2024,35,2,Tuesday,10,5,5,0,131,119.4679
2024-08-27 14:00:00,afternoon,2024-08-27,2024,35,2,Tuesday,30,0,30,0,355,212.82237
2024-08-28 02:00:00,morning,2024-08-28,2024,35,3,Wednesday,23,10,13,1,253,218.92292
2024-08-28 14:00:00,afternoon,2024-08-28,2024,35,3,Wednesday,28,0,28,0,391,291.45184
2024-08-29 02:00:00,morning,2024-08-29,2024,35,4,Thursday,27,15,12,5,167,249.23351
2024-08-29 14:00:00,afternoon,2024-08-29,2024,35,4,Thursday,33,1,32,1,340,301.83238
2024-08-30 02:00:00,morning,2024-08-30,2024,35,5,Friday,26,15,12,6,220,270.12107
2024-08-30 14:00:00,afternoon,2024-08-30,2024,35,5,Friday,32,0,32,0,309,313.42289
2024-09-02 02:00:00,morning,2024-09-02,2024,36,1,Monday,23,11,12,2,199,343.37447
2024-09-02 14:00:00,afternoon,2024-09-02,2024,36,1,Monday,33,0,33,0,432,368.48219
2024-09-03 02:00:00,morning,2024-09-03,2024,36,2,Tuesday,22,9,13,7,214,346.84474
2024-09-03 14:00:00,afternoon,2024-09-03,2024,36,2,Tuesday,25,0,25,0,283,249.6834
2024-09-04 02:00:00,morning,2024-09-04,2024,36,3,Wednesday,29,16,13,3,214,261.11349
2024-09-04 14:00:00,afternoon,2024-09-04,2024,36,3,Wednesday,29,1,28,0,334,311.12146
2024-09-05 02:00:00,morning,2024-09-05,2024,36,4,Thursday,27,9,18,3,262,262.37595
2024-09-05 14:00:00,afternoon,2024-09-05,2024,36,4,Thursday,37,0,37,0,499,370.99121
2024-09-06 02:00:00,morning,2024-09-06,2024,36,5,Friday,35,26,10,9,162,404.637
2024-09-06 14:00:00,afternoon,2024-09-06,2024,36,5,Friday,37,2,35,1,553,327.64334
2024-09-09 02:00:00,morning,2024-09-09,2024,37,1,Monday,31,15,16,8,236,362.49592
2024-09-09 14:00:00,afternoon,2024-09-09,2024,37,1,Monday,30,0,30,0,330,337.28017
2024-09-10 02:00:00,morning,2024-09-10,2024,37,2,Tuesday,32,17,15,4,234,386.34717
2024-09-10 14:00:00,afternoon,2024-09-10,2024,37,2,Tuesday,27,1,26,0,317,216.53785
2024-09-11 02:00:00,morning,2024-09-11,2024,37,3,Wednesday,23,9,14,0,236,266.11178
2024-09-11 14:00:00,afternoon,2024-09-11,2024,37,3,Wednesday,44,3,41,3,357,404.80575
2024-09-12 02:00:00,morning,2024-09-12,2024,37,4,Thursday,22,8,15,1,195,184.55404000000001
2024-09-12 14:00:00,afternoon,2024-09-12,2024,37,4,Thursday,24,0,24,0,269,153.26664
2024-09-13 02:00:00,morning,2024-09-13,2024,37,5,Friday,33,20,13,6,240,383.21311000000003
2024-09-13 14:00:00,afternoon,2024-09-13,2024,37,5,Friday,23,0,23,0,415,227.38439
2024-09-16 02:00:00,morning,2024-09-16,2024,38,1,Monday,23,13,10,5,166,285.47261000000003
2024-09-16 14:00:00,afternoon,2024-09-16,2024,38,1,Monday,31,0,31,0,404,321.41884
2024-09-17 02:00:00,morning,2024-09-17,2024,38,2,Tuesday,24,11,13,5,198,381.26334
2024-09-17 14:00:00,afternoon,2024-09-17,2024,38,2,Tuesday,31,1,30,0,459,349.22854
2024-09-18 02:00:00,morning,2024-09-18,2024,38,3,Wednesday,34,21,13,6,243,429.42248
2024-09-18 14:00:00,afternoon,2024-09-18,2024,38,3,Wednesday,35,0,35,0,375,288.62535
2024-09-19 02:00:00,morning,2024-09-19,2024,38,4,Thursday,29,15,14,3,204,282.93372
2024-09-19 14:00:00,afternoon,2024-09-19,2024,38,4,Thursday,30,0,30,0,319,221.45381
2024-09-20 02:00:00,morning,2024-09-20,2024,38,5,Friday,52,35,18,16,238,617.15521
2024-09-20 14:00:00,afternoon,2024-09-20,2024,38,5,Friday,30,2,28,0,385,300.71215
2024-09-23 02:00:00,morning,2024-09-23,2024,39,1,Monday,28,14,14,6,300,358.17669
2024-09-23 14:00:00,afternoon,2024-09-23,2024,39,1,Monday,43,0,43,0,419,582.54385
2024-09-24 02:00:00,morning,2024-09-24,2024,39,2,Tuesday,24,15,10,2,122,271.05442999999997
2024-09-24 14:00:00,afternoon,2024-09-24,2024,39,2,Tuesday,39,0,39,0,450,419.9124
2024-09-25 02:00:00,morning,2024-09-25,2024,39,3,Wednesday,21,14,7,6,141,336.17625
2024-09-25 14:00:00,afternoon,2024-09-25,2024,39,3,Wednesday,49,1,48,0,487,518.9288
2024-09-26 02:00:00,morning,2024-09-26,2024,39,4,Thursday,43,30,13,20,198,606.45477
2024-09-26 14:00:00,afternoon,2024-09-26,2024,39,4,Thursday,36,1,35,1,379,362.38797
2024-09-27 02:00:00,morning,2024-09-27,2024,39,5,Friday,38,21,17,8,260,471.2677
2024-09-27 14:00:00,afternoon,2024-09-27,2024,39,5,Friday,26,1,25,0,388,286.16886999999997
2024-09-30 02:00:00,morning,2024-09-30,2024,40,1,Monday,25,8,18,0,220,278.63783
2024-09-30 14:00:00,afternoon,2024-09-30,2024,40,1,Monday,24,0,24,0,336,230.5271
2024-10-01 02:00:00,morning,2024-10-01,2024,40,2,Tuesday,17,3,14,0,182,201.3242
2024-10-01 14:00:00,afternoon,2024-10-01,2024,40,2,Tuesday,33,1,32,0,396,276.54924
2024-10-02 02:00:00,morning,2024-10-02,2024,40,3,Wednesday,23,11,12,3,213,208.46991
2024-10-02 14:00:00,afternoon,2024-10-02,2024,40,3,Wednesday,30,0,30,0,400,256.64249
2024-10-03 02:00:00,morning,2024-10-03,2024,40,4,Thursday,31,16,15,0,179,330.02919
2024-10-03 14:00:00,afternoon,2024-10-03,2024,40,4,Thursday,31,0,31,0,469,321.95099
2024-10-04 02:00:00,morning,2024-10-04,2024,40,5,Friday,37,22,16,5,216,380.55124
2024-10-04 14:00:00,afternoon,2024-10-04,2024,40,5,Friday,29,0,29,0,416,240.57990999999998
2024-10-07 02:00:00,morning,2024-10-07,2024,41,1,Monday,33,13,20,6,230,408.84795
2024-10-07 14:00:00,afternoon,2024-10-07,2024,41,1,Monday,32,0,32,0,435,328.67965
2024-10-08 02:00:00,morning,2024-10-08,2024,41,2,Tuesday,17,6,11,0,200,166.4945
2024-10-08 14:00:00,afternoon,2024-10-08,2024,41,2,Tuesday,40,0,40,0,393,248.30161
2024-10-09 02:00:00,morning,2024-10-09,2024,41,3,Wednesday,29,11,19,3,182,263.7942
2024-10-09 14:00:00,afternoon,2024-10-09,2024,41,3,Wednesday,35,0,35,0,510,343.88489
2024-10-10 02:00:00,morning,2024-10-10,2024,41,4,Thursday,23,14,9,5,202,214.7622
2024-10-10 14:00:00,afternoon,2024-10-10,2024,41,4,Thursday,24,0,24,0,448,249.76568
2024-10-11 02:00:00,morning,2024-10-11,2024,41,5,Friday,53,34,19,17,418,529.88537
2024-10-11 14:00:00,afternoon,2024-10-11,2024,41,5,Friday,31,0,31,0,427,291.86559
2024-10-14 02:00:00,morning,2024-10-14,2024,42,1,Monday,32,14,18,3,287,341.6023
2024-10-14 14:00:00,afternoon,2024-10-14,2024,42,1,Monday,41,1,40,0,439,441.44551
2024-10-15 02:00:00,morning,2024-10-15,2024,42,2,Tuesday,26,11,15,6,168,344.06410999999997
2024-10-15 14:00:00,afternoon,2024-10-15,2024,42,2,Tuesday,33,0,33,0,442,325.68488
2024-10-16 02:00:00,morning,2024-10-16,2024,42,3,Wednesday,34,16,18,5,240,265.49577
2024-10-16 14:00:00,afternoon,2024-10-16,2024,42,3,Wednesday,33,0,33,0,489,307.11765
2024-10-17 02:00:00,morning,2024-10-17,2024,42,4,Thursday,33,17,16,5,179,341.50814
2024-10-17 14:00:00,afternoon,2024-10-17,2024,42,4,Thursday,36,0,36,0,413,346.46357
2024-10-18 02:00:00,morning,2024-10-18,2024,42,5,Friday,32,16,16,8,216,370.77570000000003
2024-10-18 14:00:00,afternoon,2024-10-18,2024,42,5,Friday,31,1,30,1,351,296.98413
2024-10-21 02:00:00,morning,2024-10-21,2024,43,1,Monday,27,14,13,10,219,388.12787
2024-10-21 14:00:00,afternoon,2024-10-21,2024,43,1,Monday,35,2,33,0,398,352.98102
2024-10-22 02:00:00,morning,2024-10-22,2024,43,2,Tuesday,25,13,12,3,196,255.49825
2024-10-22 14:00:00,afternoon,2024-10-22,2024,43,2,Tuesday,27,0,27,0,388,304.89454
2024-10-23 02:00:00,morning,2024-10-23,2024,43,3,Wednesday,37,27,10,8,213,352.58241
2024-10-23 14:00:00,afternoon,2024-10-23,2024,43,3,Wednesday,31,0,31,0,435,322.31322
2024-10-24 02:00:00,morning,2024-10-24,2024,43,4,Thursday,38,22,16,2,208,408.46026
2024-10-24 14:00:00,afternoon,2024-10-24,2024,43,4,Thursday,29,3,26,0,309,289.26295
2024-10-25 02:00:00,morning,2024-10-25,2024,43,5,Friday,28,21,7,8,129,264.62091
2024-10-25 14:00:00,afternoon,2024-10-25,2024,43,5,Friday,36,0,36,0,487,354.04557
2024-10-28 02:00:00,morning,2024-10-28,2024,44,1,Monday,11,0,11,0,162,143.50755999999998
2024-10-28 14:00:00,afternoon,2024-10-28,2024,44,1,Monday,18,1,17,0,235,189.28869
2024-10-29 02:00:00,morning,2024-10-29,2024,44,2,Tuesday,26,7,19,0,260,250.36545
2024-10-29 14:00:00,afternoon,2024-10-29,2024,44,2,Tuesday,40,0,40,0,439,470.43894
2024-10-30 02:00:00,morning,2024-10-30,2024,44,3,Wednesday,17,7,10,0,178,123.03426
2024-10-30 14:00:00,afternoon,2024-10-30,2024,44,3,Wednesday,29,0,29,0,375,230.50925999999998
2024-10-31 02:00:00,morning,2024-10-31,2024,44,4,Thursday,22,11,12,0,177,221.85139
2024-10-31 14:00:00,afternoon,2024-10-31,2024,44,4,Thursday,30,0,30,0,361,309.77518
2024-11-01 02:00:00,morning,2024-11-01,2024,44,5,Friday,25,9,16,1,307,336.7082
2024-11-01 14:00:00,afternoon,2024-11-01,2024,44,5,Friday,22,1,21,0,277,183.63470999999998
2024-11-04 02:00:00,morning,2024-11-04,2024,45,1,Monday,26,9,17,5,231,322.80001
2024-11-04 14:00:00,afternoon,2024-11-04,2024,45,1,Monday,31,0,31,0,331,306.35014
2024-11-05 02:00:00,morning,2024-11-05,2024,45,2,Tuesday,26,12,14,6,179,373.22937
2024-11-05 14:00:00,afternoon,2024-11-05,2024,45,2,Tuesday,27,0,27,0,377,287.02857
2024-11-06 02:00:00,morning,2024-11-06,2024,45,3,Wednesday,40,23,17,4,274,377.61687
2024-11-06 14:00:00,afternoon,2024-11-06,2024,45,3,Wednesday,27,3,24,0,188,155.88313
2024-11-07 02:00:00,morning,2024-11-07,2024,45,4,Thursday,31,13,18,2,196,251.23868
2024-11-07 14:00:00,afternoon,2024-11-07,2024,45,4,Thursday,25,0,25,0,388,269.92632
2024-11-08 02:00:00,morning,2024-11-08,2024,45,5,Friday,25,14,11,2,200,271.54332
2024-11-08 14:00:00,afternoon,2024-11-08,2024,45,5,Friday,33,1,32,0,443,273.1666
2024-11-11 02:00:00,morning,2024-11-11,2024,46,1,Monday,19,9,10,3,250,164.72868
2024-11-11 14:00:00,afternoon,2024-11-11,2024,46,1,Monday,34,1,33,0,384,453.91669
2024-11-12 02:00:00,morning,2024-11-12,2024,46,2,Tuesday,30,9,21,5,215,359.88182
2024-11-12 14:00:00,afternoon,2024-11-12,2024,46,2,Tuesday,36,1,35,0,355,360.25262
2024-11-13 02:00:00,morning,2024-11-13,2024,46,3,Wednesday,40,15,25,2,293,448.80566
2024-11-13 14:00:00,afternoon,2024-11-13,2024,46,3,Wednesday,37,0,37,0,411,343.29106
2024-11-14 02:00:00,morning,2024-11-14,2024,46,4,Thursday,31,19,12,6,199,240.5988
2024-11-14 14:00:00,afternoon,2024-11-14,2024,46,4,Thursday,26,1,25,0,415,237.27532
2024-11-15 02:00:00,morning,2024-11-15,2024,46,5,Friday,33,20,13,12,186,357.86402
2024-11-15 14:00:00,afternoon,2024-11-15,2024,46,5,Friday,27,0,27,0,359,263.08118
2024-11-18 02:00:00,morning,2024-11-18,2024,47,1,Monday,32,12,20,2,228,370.06213
2024-11-18 14:00:00,afternoon,2024-11-18,2024,47,1,Monday,31,1,30,1,338,265.5059
2024-11-19 02:00:00,morning,2024-11-19,2024,47,2,Tuesday,28,12,16,10,203,422.14121
2024-11-19 14:00:00,afternoon,2024-11-19,2024,47,2,Tuesday,33,3,30,0,397,262.42945000000003
2024-11-20 02:00:00,morning,2024-11-20,2024,47,3,Wednesday,40,24,16,6,239,423.1359
2024-11-20 14:00:00,afternoon,2024-11-20,2024,47,3,Wednesday,32,0,32,0,549,255.65295
2024-11-21 02:00:00,morning,2024-11-21,2024,47,4,Thursday,35,23,13,9,236,422.37803
2024-11-21 14:00:00,afternoon,2024-11-21,2024,47,4,Thursday,36,0,36,0,418,313.45774
2024-11-22 02:00:00,morning,2024-11-22,2024,47,5,Friday,37,28,9,10,210,396.2264
2024-11-22 14:00:00,afternoon,2024-11-22,2024,47,5,Friday,29,0,29,0,410,289.19277999999997
2024-11-25 02:00:00,morning,2024-11-25,2024,48,1,Monday,18,2,17,0,213,247.4608
2024-11-25 14:00:00,afternoon,2024-11-25,2024,48,1,Monday,1,0,1,0,1,0.0041600000000000005
2024-11-25 14:00:00,afternoon,2024-11-25,2024,48,1,Monday,34,2,32,0,338,333.5863
2024-11-26 02:00:00,morning,2024-11-26,2024,48,2,Tuesday,31,12,19,2,259,367.70979
2024-11-26 14:00:00,afternoon,2024-11-26,2024,48,2,Tuesday,31,0,31,0,448,257.42013000000003
2024-11-27 02:00:00,morning,2024-11-27,2024,48,3,Wednesday,34,16,20,7,273,396.03018
2024-11-27 14:00:00,afternoon,2024-11-27,2024,48,3,Wednesday,34,0,34,0,348,340.79586
2024-11-28 02:00:00,morning,2024-11-28,2024,48,4,Thursday,36,16,20,9,259,381.85938
2024-11-28 14:00:00,afternoon,2024-11-28,2024,48,4,Thursday,37,0,37,0,437,422.41236
2024-11-29 02:00:00,morning,2024-11-29,2024,48,5,Friday,31,14,17,8,265,448.32933
2024-11-29 14:00:00,afternoon,2024-11-29,2024,48,5,Friday,32,0,32,0,384,294.77831
2024-12-02 02:00:00,morning,2024-12-02,2024,49,1,Monday,30,9,22,1,248,336.12734
2024-12-02 14:00:00,afternoon,2024-12-02,2024,49,1,Monday,35,0,35,0,428,377.27790999999996
2024-12-03 02:00:00,morning,2024-12-03,2024,49,2,Tuesday,18,7,11,1,243,227.02533
2024-12-03 14:00:00,afternoon,2024-12-03,2024,49,2,Tuesday,30,1,29,0,394,243.37972
2024-12-04 02:00:00,morning,2024-12-04,2024,49,3,Wednesday,36,16,20,4,241,363.00349
2024-12-04 14:00:00,afternoon,2024-12-04,2024,49,3,Wednesday,35,1,34,0,370,395.02988
2024-12-05 02:00:00,morning,2024-12-05,2024,49,4,Thursday,30,14,16,4,237,367.43728
2024-12-05 14:00:00,afternoon,2024-12-05,2024,49,4,Thursday,36,1,35,0,457,386.71344
2024-12-06 02:00:00,morning,2024-12-06,2024,49,5,Friday,29,16,14,6,227,356.11305
2024-12-06 14:00:00,afternoon,2024-12-06,2024,49,5,Friday,34,4,30,0,315,298.31789
2024-12-09 02:00:00,morning,2024-12-09,2024,50,1,Monday,24,13,11,2,205,301.27064
2024-12-09 14:00:00,afternoon,2024-12-09,2024,50,1,Monday,35,3,32,0,404,380.92124
2024-12-10 02:00:00,morning,2024-12-10,2024,50,2,Tuesday,27,15,12,4,239,363.24058
2024-12-10 14:00:00,afternoon,2024-12-10,2024,50,2,Tuesday,33,0,33,0,341,298.34253
2024-12-11 02:00:00,morning,2024-12-11,2024,50,3,Wednesday,41,13,28,3,302,452.00917
2024-12-11 14:00:00,afternoon,2024-12-11,2024,50,3,Wednesday,38,0,38,0,382,404.48764
2024-12-12 02:00:00,morning,2024-12-12,2024,50,4,Thursday,31,10,21,2,230,273.32349999999997
2024-12-12 14:00:00,afternoon,2024-12-12,2024,50,4,Thursday,36,3,33,0,327,333.85844
2024-12-13 02:00:00,morning,2024-12-13,2024,50,5,Friday,27,17,10,3,197,214.55974
2024-12-13 14:00:00,afternoon,2024-12-13,2024,50,5,Friday,36,1,35,0,427,319.92995
2024-12-16 02:00:00,morning,2024-12-16,2024,51,1,Monday,24,7,17,2,246,263.85972
2024-12-16 14:00:00,afternoon,2024-12-16,2024,51,1,Monday,33,1,32,0,379,341.85293
2024-12-17 02:00:00,morning,2024-12-17,2024,51,2,Tuesday,33,11,23,2,279,351.91582
2024-12-17 14:00:00,afternoon,2024-12-17,2024,51,2,Tuesday,33,2,31,0,328,249.80324
2024-12-18 02:00:00,morning,2024-12-18,2024,51,3,Wednesday,35,21,14,6,235,381.47067
2024-12-18 14:00:00,afternoon,2024-12-18,2024,51,3,Wednesday,2,0,2,0,5,6.5161999999999995
2024-12-18 14:00:00,afternoon,2024-12-18,2024,51,3,Wednesday,20,0,20,0,217,198.15246
2024-12-19 02:00:00,morning,2024-12-19,2024,51,4,Thursday,26,12,15,5,157,208.76331
2024-12-19 14:00:00,afternoon,2024-12-19,2024,51,4,Thursday,9,0,9,0,80,57.035349999999994
2024-12-20 02:00:00,morning,2024-12-20,2024,51,5,Friday,24,21,3,10,60,242.58214999999998
2024-12-20 14:00:00,afternoon,2024-12-20,2024,51,5,Friday,9,2,7,0,82,48.30144
2024-12-23 02:00:00,morning,2024-12-23,2024,52,1,Monday,15,14,1,3,39,124.03077
2024-12-23 14:00:00,afternoon,2024-12-23,2024,52,1,Monday,2,1,1,0,2,0.02484
2024-12-27 02:00:00,morning,2024-12-27,2024,52,5,Friday,26,25,1,11,33,311.32679
2024-12-27 14:00:00,afternoon,2024-12-27,2024,52,5,Friday,1,1,0,0,1,0.02553
2024-12-30 02:00:00,morning,2024-12-30,2025,1,1,Monday,27,25,2,10,78,293.20155
2025-01-02 02:00:00,morning,2025-01-02,2025,1,4,Thursday,14,6,8,0,278,78.56748
2025-01-02 14:00:00,afternoon,2025-01-02,2025,1,4,Thursday,12,0,12,0,331,147.08052
2025-01-03 02:00:00,morning,2025-01-03,2025,1,5,Friday,32,11,21,1,313,391.35326
2025-01-03 14:00:00,afternoon,2025-01-03,2025,1,5,Friday,29,0,29,0,440,405.97615
2025-01-06 02:00:00,morning,2025-01-06,2025,2,1,Monday,26,14,13,0,129,263.56195
2025-01-06 14:00:00,afternoon,2025-01-06,2025,2,1,Monday,32,1,31,0,232,424.44204
2025-01-07 02:00:00,morning,2025-01-07,2025,2,2,Tuesday,32,10,22,1,264,561.6461
2025-01-07 14:00:00,afternoon,2025-01-07,2025,2,2,Tuesday,33,0,33,0,338,301.99441
2025-01-08 02:00:00,morning,2025-01-08,2025,2,3,Wednesday,30,15,15,7,164,306.65875
2025-01-08 14:00:00,afternoon,2025-01-08,2025,2,3,Wednesday,27,0,27,0,299,210.10207
2025-01-09 02:00:00,morning,2025-01-09,2025,2,4,Thursday,31,10,21,0,186,256.99811
2025-01-09 14:00:00,afternoon,2025-01-09,2025,2,4,Thursday,35,0,35,0,316,426.58991
2025-01-10 02:00:00,morning,2025-01-10,2025,2,5,Friday,29,11,18,4,167,254.29114
2025-01-10 14:00:00,afternoon,2025-01-10,2025,2,5,Friday,28,0,28,0,284,257.26474
2025-01-13 02:00:00,morning,2025-01-13,2025,3,1,Monday,23,8,15,2,232,299.56761
2025-01-13 14:00:00,afternoon,2025-01-13,2025,3,1,Monday,28,1,27,0,340,328.32672
2025-01-14 02:00:00,morning,2025-01-14,2025,3,2,Tuesday,17,10,7,1,116,132.22999
2025-01-14 14:00:00,afternoon,2025-01-14,2025,3,2,Tuesday,29,1,28,0,404,271.07058
2025-01-15 02:00:00,morning,2025-01-15,2025,3,3,Wednesday,23,7,16,2,286,284.94712
2025-01-15 14:00:00,afternoon,2025-01-15,2025,3,3,Wednesday,34,0,34,0,358,276.20723
2025-01-16 02:00:00,morning,2025-01-16,2025,3,4,Thursday,29,13,16,7,213,333.91821
2025-01-16 14:00:00,afternoon,2025-01-16,2025,3,4,Thursday,25,1,24,0,353,194.82413
2025-01-17 02:00:00,morning,2025-01-17,2025,3,5,Friday,34,17,17,5,235,406.83758
2025-01-17 14:00:00,afternoon,2025-01-17,2025,3,5,Friday,30,3,27,0,362,262.63052
2025-01-20 02:00:00,morning,2025-01-20,2025,4,1,Monday,17,5,12,1,186,134.97497
2025-01-20 14:00:00,afternoon,2025-01-20,2025,4,1,Monday,36,3,33,0,389,340.015
2025-01-21 02:00:00,morning,2025-01-21,2025,4,2,Tuesday,26,12,15,2,221,342.67079
2025-01-21 14:00:00,afternoon,2025-01-21,2025,4,2,Tuesday,38,1,37,0,412,368.82907
2025-01-22 02:00:00,morning,2025-01-22,2025,4,3,Wednesday,26,11,15,2,216,218.0922
2025-01-22 14:00:00,afternoon,2025-01-22,2025,4,3,Wednesday,29,0,29,0,372,280.56978
2025-01-23 02:00:00,morning,2025-01-23,2025,4,4,Thursday,31,10,21,4,214,292.1745
2025-01-23 14:00:00,afternoon,2025-01-23,2025,4,4,Thursday,35,1,34,1,533,275.79698
2025-01-24 02:00:00,morning,2025-01-24,2025,4,5,Friday,45,29,16,14,261,523.1993
2025-01-24 14:00:00,afternoon,2025-01-24,2025,4,5,Friday,27,1,26,0,370,199.86082
2025-01-27 02:00:00,morning,2025-01-27,2025,5,1,Monday,27,18,9,8,104,274.16015
2025-01-27 14:00:00,afternoon,2025-01-27,2025,5,1,Monday,40,0,40,0,499,375.45108
2025-01-28 02:00:00,morning,2025-01-28,2025,5,2,Tuesday,25,11,14,6,169,308.49304
2025-01-28 14:00:00,afternoon,2025-01-28,2025,5,2,Tuesday,34,0,34,0,518,277.6504
2025-01-29 02:00:00,morning,2025-01-29,2025,5,3,Wednesday,31,13,18,5,278,413.39352
2025-01-29 14:00:00,afternoon,2025-01-29,2025,5,3,Wednesday,44,3,41,0,492,370.50922
2025-01-30 02:00:00,morning,2025-01-30,2025,5,4,Thursday,21,8,13,4,233,273.59359
2025-01-30 14:00:00,afternoon,2025-01-30,2025,5,4,Thursday,38,0,38,0,498,281.4946
2025-01-31 02:00:00,morning,2025-01-31,2025,5,5,Friday,36,26,10,19,194,579.70416
2025-01-31 14:00:00,afternoon,2025-01-31,2025,5,5,Friday,35,1,34,1,408,294.476
2025-02-03 02:00:00,morning,2025-02-03,2025,6,1,Monday,37,19,18,7,148,400.04397
2025-02-03 14:00:00,afternoon,2025-02-03,2025,6,1,Monday,40,0,40,0,585,455.46772
2025-02-04 02:00:00,morning,2025-02-04,2025,6,2,Tuesday,24,14,10,4,274,378.62659
2025-02-04 14:00:00,afternoon,2025-02-04,2025,6,2,Tuesday,31,3,28,0,262,208.67702
2025-02-05 02:00:00,morning,2025-02-05,2025,6,3,Wednesday,35,17,18,3,292,289.31696999999997
2025-02-05 14:00:00,afternoon,2025-02-05,2025,6,3,Wednesday,55,1,54,0,544,458.87542
2025-02-06 02:00:00,morning,2025-02-06,2025,6,4,Thursday,24,12,12,6,151,271.918
2025-02-06 14:00:00,afternoon,2025-02-06,2025,6,4,Thursday,39,0,39,0,409,363.76011
2025-02-07 02:00:00,morning,2025-02-07,2025,6,5,Friday,38,17,21,7,201,469.80902000000003
2025-02-07 14:00:00,afternoon,2025-02-07,2025,6,5,Friday,29,0,29,0,346,225.01735
2025-02-10 02:00:00,morning,2025-02-10,2025,7,1,Monday,29,15,14,5,250,283.98555
2025-02-10 14:00:00,afternoon,2025-02-10,2025,7,1,Monday,29,0,29,0,399,240.75999
2025-02-11 02:00:00,morning,2025-02-11,2025,7,2,Tuesday,23,9,14,1,202,195.20987
2025-02-11 14:00:00,afternoon,2025-02-11,2025,7,2,Tuesday,34,1,33,0,390,217.24604
2025-02-12 02:00:00,morning,2025-02-12,2025,7,3,Wednesday,25,13,13,0,218,292.60413
2025-02-12 14:00:00,afternoon,2025-02-12,2025,7,3,Wednesday,41,0,41,0,458,375.41447
2025-02-13 02:00:00,morning,2025-02-13,2025,7,4,Thursday,43,21,22,10,274,446.29128000000003
2025-02-13 14:00:00,afternoon,2025-02-13,2025,7,4,Thursday,28,0,28,0,377,268.49411
2025-02-14 02:00:00,morning,2025-02-14,2025,7,5,Friday,42,28,14,13,210,526.21222
2025-02-14 14:00:00,afternoon,2025-02-14,2025,7,5,Friday,31,0,31,0,362,287.00368
2025-02-17 02:00:00,morning,2025-02-17,2025,8,1,Monday,26,12,14,3,194,315.74468
2025-02-17 14:00:00,afternoon,2025-02-17,2025,8,1,Monday,30,0,30,0,342,289.80929
2025-02-18 02:00:00,morning,2025-02-18,2025,8,2,Tuesday,38,23,15,7,209,353.80123
2025-02-18 14:00:00,afternoon,2025-02-18,2025,8,2,Tuesday,28,2,26,2,371,307.23957
2025-02-19 02:00:00,morning,2025-02-19,2025,8,3,Wednesday,35,15,20,6,242,371.97685
2025-02-19 14:00:00,afternoon,2025-02-19,2025,8,3,Wednesday,33,0,33,0,391,335.44335
2025-02-20 02:00:00,morning,2025-02-20,2025,8,4,Thursday,36,18,18,9,237,412.36171
2025-02-20 14:00:00,afternoon,2025-02-20,2025,8,4,Thursday,37,0,37,0,336,350.12906
2025-02-21 02:00:00,morning,2025-02-21,2025,8,5,Friday,47,26,21,13,282,559.79834
2025-02-21 14:00:00,afternoon,2025-02-21,2025,8,5,Friday,34,1,33,0,392,365.61738
2025-02-24 02:00:00,morning,2025-02-24,2025,9,1,Monday,28,10,18,0,255,213.01476
2025-02-24 14:00:00,afternoon,2025-02-24,2025,9,1,Monday,29,0,29,0,404,324.89867
2025-02-25 02:00:00,morning,2025-02-25,2025,9,2,Tuesday,21,7,14,4,189,243.0499
2025-02-25 14:00:00,afternoon,2025-02-25,2025,9,2,Tuesday,43,1,42,1,464,375.07724
2025-02-26 02:00:00,morning,2025-02-26,2025,9,3,Wednesday,25,13,12,7,205,331.16803
2025-02-26 14:00:00,afternoon,2025-02-26,2025,9,3,Wednesday,34,0,34,0,456,352.05301
2025-02-27 02:00:00,morning,2025-02-27,2025,9,4,Thursday,44,30,14,16,250,582.93694
2025-02-27 14:00:00,afternoon,2025-02-27,2025,9,4,Thursday,38,0,38,0,393,376.42595
2025-02-28 02:00:00,morning,2025-02-28,2025,9,5,Friday,48,38,10,25,225,685.24723
2025-02-28 14:00:00,afternoon,2025-02-28,2025,9,5,Friday,38,3,35,0,360,364.77551
2025-03-03 02:00:00,morning,2025-03-03,2025,10,1,Monday,38,13,25,2,265,350.63779
2025-03-03 14:00:00,afternoon,2025-03-03,2025,10,1,Monday,35,0,35,0,368,421.45074
2025-03-04 02:00:00,morning,2025-03-04,2025,10,2,Tuesday,25,9,16,0,180,316.40923
2025-03-04 14:00:00,afternoon,2025-03-04,2025,10,2,Tuesday,32,0,32,0,439,248.72551
2025-03-05 02:00:00,morning,2025-03-05,2025,10,3,Wednesday,29,13,17,4,212,314.41224
2025-03-05 14:00:00,afternoon,2025-03-05,2025,10,3,Wednesday,27,0,27,0,311,254.34283
2025-03-06 02:00:00,morning,2025-03-06,2025,10,4,Thursday,43,27,16,16,257,510.49327
2025-03-06 14:00:00,afternoon,2025-03-06,2025,10,4,Thursday,43,0,43,0,391,376.93267000000003
2025-03-07 02:00:00,morning,2025-03-07,2025,10,5,Friday,29,15,14,9,124,415.28877
2025-03-07 14:00:00,afternoon,2025-03-07,2025,10,5,Friday,35,0,35,0,517,304.94106999999997
2025-03-10 02:00:00,morning,2025-03-10,2025,11,1,Monday,24,6,18,1,211,242.54107
2025-03-10 14:00:00,afternoon,2025-03-10,2025,11,1,Monday,42,0,42,0,452,414.4227
2025-03-11 02:00:00,morning,2025-03-11,2025,11,2,Tuesday,34,21,14,8,279,415.23595
2025-03-11 14:00:00,afternoon,2025-03-11,2025,11,2,Tuesday,35,0,35,0,421,322.49379
2025-03-12 02:00:00,morning,2025-03-12,2025,11,3,Wednesday,27,19,8,8,177,284.78538000000003
2025-03-12 14:00:00,afternoon,2025-03-12,2025,11,3,Wednesday,37,0,37,0,413,367.31867
2025-03-13 02:00:00,morning,2025-03-13,2025,11,4,Thursday,32,20,12,7,214,329.15009
2025-03-13 14:00:00,afternoon,2025-03-13,2025,11,4,Thursday,33,0,33,0,505,337.04406
2025-03-14 02:00:00,morning,2025-03-14,2025,11,5,Friday,42,26,16,14,199,491.22864
2025-03-14 14:00:00,afternoon,2025-03-14,2025,11,5,Friday,32,0,32,0,468,324.4227
2025-03-17 02:00:00,morning,2025-03-17,2025,12,1,Monday,35,20,15,8,232,386.46353999999997
2025-03-17 14:00:00,afternoon,2025-03-17,2025,12,1,Monday,40,0,40,0,479,370.14105
2025-03-18 02:00:00,morning,2025-03-18,2025,12,2,Tuesday,19,9,10,3,173,248.56416
2025-03-18 14:00:00,afternoon,2025-03-18,2025,12,2,Tuesday,37,0,37,0,598,321.57835
2025-03-19 02:00:00,morning,2025-03-19,2025,12,3,Wednesday,39,16,23,4,298,348.38767
2025-03-19 14:00:00,afternoon,2025-03-19,2025,12,3,Wednesday,29,2,27,0,394,258.34413
2025-03-20 02:00:00,morning,2025-03-20,2025,12,4,Thursday,41,28,13,15,225,499.74531
2025-03-20 14:00:00,afternoon,2025-03-20,2025,12,4,Thursday,35,0,35,0,419,322.50033
2025-03-21 02:00:00,morning,2025-03-21,2025,12,5,Friday,44,29,15,18,235,496.57335
2025-03-21 14:00:00,afternoon,2025-03-21,2025,12,5,Friday,30,1,29,0,405,329.67685
2025-03-24 02:00:00,morning,2025-03-24,2025,13,1,Monday,28,18,10,10,105,340.5425
2025-03-24 14:00:00,afternoon,2025-03-24,2025,13,1,Monday,37,0,37,0,606,424.9398
2025-03-25 02:00:00,morning,2025-03-25,2025,13,2,Tuesday,31,12,20,2,289,287.04842
2025-03-25 14:00:00,afternoon,2025-03-25,2025,13,2,Tuesday,35,1,34,0,477,309.27335999999997
2025-03-26 02:00:00,morning,2025-03-26,2025,13,3,Wednesday,36,15,21,8,263,536.65932
2025-03-26 14:00:00,afternoon,2025-03-26,2025,13,3,Wednesday,35,0,35,0,503,311.7134
2025-03-27 02:00:00,morning,2025-03-27,2025,13,4,Thursday,39,26,14,16,148,403.78215
2025-03-27 14:00:00,afternoon,2025-03-27,2025,13,4,Thursday,46,1,45,0,506,420.45596
2025-03-28 02:00:00,morning,2025-03-28,2025,13,5,Friday,46,27,19,15,271,545.7595
2025-03-28 14:00:00,afternoon,2025-03-28,2025,13,5,Friday,27,0,27,0,409,268.4782
2025-03-31 02:00:00,morning,2025-03-31,2025,14,1,Monday,24,7,17,5,276,275.09773
2025-03-31 14:00:00,afternoon,2025-03-31,2025,14,1,Monday,38,1,37,0,383,435.81935
2025-04-01 02:00:00,morning,2025-04-01,2025,14,2,Tuesday,29,14,15,5,262,410.81848
2025-04-01 14:00:00,afternoon,2025-04-01,2025,14,2,Tuesday,36,0,36,0,442,348.83317999999997
2025-04-02 02:00:00,morning,2025-04-02,2025,14,3,Wednesday,32,14,18,4,226,472.30283
2025-04-02 14:00:00,afternoon,2025-04-02,2025,14,3,Wednesday,39,1,38,0,385,371.94289
2025-04-03 02:00:00,morning,2025-04-03,2025,14,4,Thursday,40,23,18,15,207,544.18138
2025-04-03 14:00:00,afternoon,2025-04-03,2025,14,4,Thursday,38,0,38,0,423,366.39451
2025-04-04 02:00:00,morning,2025-04-04,2025,14,5,Friday,45,27,18,16,291,532.71768
2025-04-04 14:00:00,afternoon,2025-04-04,2025,14,5,Friday,42,5,37,0,384,471.18357
2025-04-07 02:00:00,morning,2025-04-07,2025,15,1,Monday,28,8,20,3,262,330.53769
2025-04-07 14:00:00,afternoon,2025-04-07,2025,15,1,Monday,40,0,40,0,433,447.6861
2025-04-08 02:00:00,morning,2025-04-08,2025,15,2,Tuesday,25,11,15,2,213,323.61785
2025-04-08 14:00:00,afternoon,2025-04-08,2025,15,2,Tuesday,34,0,34,0,486,388.49789
2025-04-09 02:00:00,morning,2025-04-09,2025,15,3,Wednesday,30,8,22,2,253,311.55572
2025-04-09 14:00:00,afternoon,2025-04-09,2025,15,3,Wednesday,31,0,31,0,383,397.10224999999997
2025-04-10 02:00:00,morning,2025-04-10,2025,15,4,Thursday,30,14,16,5,196,285.80049
2025-04-10 14:00:00,afternoon,2025-04-10,2025,15,4,Thursday,36,2,34,0,376,282.13096
2025-04-11 02:00:00,morning,2025-04-11,2025,15,5,Friday,36,18,19,7,239,437.69993
2025-04-11 14:00:00,afternoon,2025-04-11,2025,15,5,Friday,33,0,33,0,461,373.70002
2025-04-14 02:00:00,morning,2025-04-14,2025,16,1,Monday,30,15,15,7,232,342.29683
2025-04-14 14:00:00,afternoon,2025-04-14,2025,16,1,Monday,41,0,41,0,448,473.30471
2025-04-15 02:00:00,morning,2025-04-15,2025,16,2,Tuesday,25,13,12,4,217,350.1384
2025-04-15 14:00:00,afternoon,2025-04-15,2025,16,2,Tuesday,37,0,37,0,420,284.03648
2025-04-16 02:00:00,morning,2025-04-16,2025,16,3,Wednesday,35,17,19,5,139,389.47599
2025-04-16 14:00:00,afternoon,2025-04-16,2025,16,3,Wednesday,30,4,26,0,373,192.72804
2025-04-17 02:00:00,morning,2025-04-17,2025,16,4,Thursday,46,32,15,15,146,519.81717
2025-04-17 14:00:00,afternoon,2025-04-17,2025,16,4,Thursday,32,3,29,0,393,255.3358
2025-04-18 02:00:00,morning,2025-04-18,2025,16,5,Friday,3,1,2,1,44,70.03972
2025-04-18 14:00:00,afternoon,2025-04-18,2025,16,5,Friday,6,0,6,0,144,86.3429
2025-04-22 02:00:00,morning,2025-04-22,2025,17,2,Tuesday,28,9,19,1,295,299.53878
2025-04-22 14:00:00,afternoon,2025-04-22,2025,17,2,Tuesday,43,2,41,0,527,587.16775
2025-04-23 02:00:00,morning,2025-04-23,2025,17,3,Wednesday,22,9,14,2,256,258.1286
2025-04-23 14:00:00,afternoon,2025-04-23,2025,17,3,Wednesday,34,1,33,0,583,272.29695
2025-04-24 02:00:00,morning,2025-04-24,2025,17,4,Thursday,31,14,17,5,256,300.11217
2025-04-24 14:00:00,afternoon,2025-04-24,2025,17,4,Thursday,35,0,35,0,397,356.08349
2025-04-25 02:00:00,morning,2025-04-25,2025,17,5,Friday,38,21,17,13,249,466.82048
2025-04-25 14:00:00,afternoon,2025-04-25,2025,17,5,Friday,34,0,34,0,395,355.26024
2025-04-28 02:00:00,morning,2025-04-28,2025,18,1,Monday,33,14,19,8,250,469.89336
2025-04-28 14:00:00,afternoon,2025-04-28,2025,18,1,Monday,35,2,33,0,385,342.20265
2025-04-29 02:00:00,morning,2025-04-29,2025,18,2,Tuesday,36,18,19,7,276,445.74802
2025-04-29 14:00:00,afternoon,2025-04-29,2025,18,2,Tuesday,35,0,35,0,429,372.31644
2025-04-30 02:00:00,morning,2025-04-30,2025,18,3,Wednesday,40,21,20,10,270,460.87866
2025-04-30 14:00:00,afternoon,2025-04-30,2025,18,3,Wednesday,29,0,29,0,383,239.83813
2025-05-02 02:00:00,morning,2025-05-02,2025,18,5,Friday,43,33,10,16,149,615.79465
2025-05-02 14:00:00,afternoon,2025-05-02,2025,18,5,Friday,32,1,31,0,375,325.10386
2025-05-05 02:00:00,morning,2025-05-05,2025,19,1,Monday,30,12,18,3,281,303.96364
2025-05-05 14:00:00,afternoon,2025-05-05,2025,19,1,Monday,36,2,34,1,474,358.1175
2025-05-06 02:00:00,morning,2025-05-06,2025,19,2,Tuesday,29,10,20,3,263,244.70498
2025-05-06 14:00:00,afternoon,2025-05-06,2025,19,2,Tuesday,33,1,32,0,360,283.48586
2025-05-07 02:00:00,morning,2025-05-07,2025,19,3,Wednesday,28,11,17,5,223,293.24479
2025-05-07 14:00:00,afternoon,2025-05-07,2025,19,3,Wednesday,35,2,33,1,389,323.75436
2025-05-08 02:00:00,morning,2025-05-08,2025,19,4,Thursday,19,0,19,0,169,178.47611
2025-05-08 14:00:00,afternoon,2025-05-08,2025,19,4,Thursday,13,0,13,0,318,113.39045
2025-05-09 02:00:00,morning,2025-05-09,2025,19,5,Friday,50,27,24,12,334,584.06736
2025-05-09 14:00:00,afternoon,2025-05-09,2025,19,5,Friday,31,2,29,1,468,324.07496
2025-05-12 02:00:00,morning,2025-05-12,2025,20,1,Monday,40,27,13,14,240,422.57757
2025-05-12 14:00:00,afternoon,2025-05-12,2025,20,1,Monday,32,0,32,0,456,353.95058
2025-05-13 02:00:00,morning,2025-05-13,2025,20,2,Tuesday,40,18,22,9,223,444.75524
2025-05-13 14:00:00,afternoon,2025-05-13,2025,20,2,Tuesday,33,1,32,0,542,364.27102
2025-05-14 02:00:00,morning,2025-05-14,2025,20,3,Wednesday,28,15,13,0,203,173.44502
2025-05-14 14:00:00,afternoon,2025-05-14,2025,20,3,Wednesday,33,2,31,0,404,293.78886
2025-05-15 02:00:00,morning,2025-05-15,2025,20,4,Thursday,26,13,14,9,214,302.29988
2025-05-15 14:00:00,afternoon,2025-05-15,2025,20,4,Thursday,38,1,37,0,466,345.22758
2025-05-16 02:00:00,morning,2025-05-16,2025,20,5,Friday,52,31,21,16,263,690.44632
2025-05-16 14:00:00,afternoon,2025-05-16,2025,20,5,Friday,35,0,35,0,478,300.27749
2025-05-19 02:00:00,morning,2025-05-19,2025,21,1,Monday,35,10,25,5,256,430.35418
2025-05-19 14:00:00,afternoon,2025-05-19,2025,21,1,Monday,39,0,39,0,407,458.50187999999997
2025-05-20 02:00:00,morning,2025-05-20,2025,21,2,Tuesday,29,10,20,2,214,345.61119
2025-05-20 14:00:00,afternoon,2025-05-20,2025,21,2,Tuesday,42,5,37,1,488,391.59819
2025-05-21 02:00:00,morning,2025-05-21,2025,21,3,Wednesday,28,12,17,1,215,285.31731
2025-05-21 14:00:00,afternoon,2025-05-21,2025,21,3,Wednesday,40,1,39,0,513,361.93892999999997
2025-05-22 02:00:00,morning,2025-05-22,2025,21,4,Thursday,41,19,22,5,251,392.95275
2025-05-22 14:00:00,afternoon,2025-05-22,2025,21,4,Thursday,29,2,27,0,379,219.89246
2025-05-23 02:00:00,morning,2025-05-23,2025,21,5,Friday,41,20,21,13,290,471.2197
2025-05-23 14:00:00,afternoon,2025-05-23,2025,21,5,Friday,29,3,26,0,395,202.41402
2025-05-26 02:00:00,morning,2025-05-26,2025,22,1,Monday,27,8,19,4,191,315.83236
2025-05-26 14:00:00,afternoon,2025-05-26,2025,22,1,Monday,40,2,38,0,468,401.92182
2025-05-27 02:00:00,morning,2025-05-27,2025,22,2,Tuesday,27,10,17,6,239,268.07257
2025-05-27 14:00:00,afternoon,2025-05-27,2025,22,2,Tuesday,25,0,25,0,380,278.59915
2025-05-28 02:00:00,morning,2025-05-28,2025,22,3,Wednesday,40,23,18,5,263,431.94796
2025-05-28 14:00:00,afternoon,2025-05-28,2025,22,3,Wednesday,30,0,30,0,417,217.53751
2025-05-29 02:00:00,morning,2025-05-29,2025,22,4,Thursday,49,26,23,10,224,484.19142999999997
2025-05-29 14:00:00,afternoon,2025-05-29,2025,22,4,Thursday,30,1,29,0,323,185.95907
2025-05-30 02:00:00,morning,2025-05-30,2025,22,5,Friday,57,30,27,18,312,667.1506899999999
2025-05-30 14:00:00,afternoon,2025-05-30,2025,22,5,Friday,25,1,24,0,315,243.57366
2025-06-02 02:00:00,morning,2025-06-02,2025,23,1,Monday,27,10,17,2,194,260.92037
2025-06-02 14:00:00,afternoon,2025-06-02,2025,23,1,Monday,28,0,28,0,348,299.02286
2025-06-03 02:00:00,morning,2025-06-03,2025,23,2,Tuesday,38,14,25,6,248,436.91852
2025-06-03 14:00:00,afternoon,2025-06-03,2025,23,2,Tuesday,29,2,27,0,367,315.90825
2025-06-04 02:00:00,morning,2025-06-04,2025,23,3,Wednesday,25,13,13,5,202,324.03083
2025-06-04 14:00:00,afternoon,2025-06-04,2025,23,3,Wednesday,23,0,23,0,430,185.58331
2025-06-05 02:00:00,morning,2025-06-05,2025,23,4,Thursday,36,28,8,15,121,416.75577
2025-06-05 14:00:00,afternoon,2025-06-05,2025,23,4,Thursday,39,0,39,0,552,353.47447999999997
2025-06-06 02:00:00,morning,2025-06-06,2025,23,5,Friday,46,27,19,17,304,634.9806600000001
2025-06-06 14:00:00,afternoon,2025-06-06,2025,23,5,Friday,29,0,29,0,382,298.98679
2025-06-09 02:00:00,morning,2025-06-09,2025,24,1,Monday,24,11,14,5,191,316.12704
2025-06-09 14:00:00,afternoon,2025-06-09,2025,24,1,Monday,39,1,38,0,348,290.92733
2025-06-10 02:00:00,morning,2025-06-10,2025,24,2,Tuesday,34,14,20,3,184,303.55471
2025-06-10 14:00:00,afternoon,2025-06-10,2025,24,2,Tuesday,36,1,35,0,439,325.03353
2025-06-11 02:00:00,morning,2025-06-11,2025,24,3,Wednesday,32,14,18,5,216,300.28935
2025-06-11 14:00:00,afternoon,2025-06-11,2025,24,3,Wednesday,31,7,24,0,416,236.0228
2025-06-12 02:00:00,morning,2025-06-12,2025,24,4,Thursday,40,25,15,16,242,576.86305
2025-06-12 14:00:00,afternoon,2025-06-12,2025,24,4,Thursday,30,1,29,1,403,297.35207
2025-06-13 02:00:00,morning,2025-06-13,2025,24,5,Friday,49,30,19,20,255,596.0563
2025-06-13 14:00:00,afternoon,2025-06-13,2025,24,5,Friday,34,0,34,0,382,366.54375
2025-06-16 02:00:00,morning,2025-06-16,2025,25,1,Monday,35,20,15,14,232,509.33849
2025-06-16 14:00:00,afternoon,2025-06-16,2025,25,1,Monday,34,2,32,1,412,351.77344
2025-06-17 02:00:00,morning,2025-06-17,2025,25,2,Tuesday,25,15,10,5,166,301.79805
2025-06-17 14:00:00,afternoon,2025-06-17,2025,25,2,Tuesday,40,3,37,0,496,291.1308
2025-06-18 02:00:00,morning,2025-06-18,2025,25,3,Wednesday,17,7,10,1,238,155.02505
2025-06-18 14:00:00,afternoon,2025-06-18,2025,25,3,Wednesday,36,0,36,0,398,286.11501
2025-06-19 02:00:00,morning,2025-06-19,2025,25,4,Thursday,32,17,15,7,204,303.80353
2025-06-19 14:00:00,afternoon,2025-06-19,2025,25,4,Thursday,35,2,33,0,393,253.00588
2025-06-20 02:00:00,morning,2025-06-20,2025,25,5,Friday,35,24,11,12,251,444.92732
2025-06-20 14:00:00,afternoon,2025-06-20,2025,25,5,Friday,28,2,26,0,334,234.36930999999998
2025-06-23 02:00:00,morning,2025-06-23,2025,26,1,Monday,30,13,17,6,216,317.94147
2025-06-23 14:00:00,afternoon,2025-06-23,2025,26,1,Monday,38,0,38,0,427,392.21009
2025-06-24 02:00:00,morning,2025-06-24,2025,26,2,Tuesday,23,10,13,1,198,253.25226999999998
2025-06-24 14:00:00,afternoon,2025-06-24,2025,26,2,Tuesday,30,0,30,0,393,292.64772
2025-06-25 02:00:00,morning,2025-06-25,2025,26,3,Wednesday,30,7,23,3,304,317.18811999999997
2025-06-25 14:00:00,afternoon,2025-06-25,2025,26,3,Wednesday,35,2,33,0,369,280.72128
2025-06-26 02:00:00,morning,2025-06-26,2025,26,4,Thursday,40,21,19,9,214,399.31136000000004
2025-06-26 14:00:00,afternoon,2025-06-26,2025,26,4,Thursday,38,3,35,0,365,355.64073
2025-06-27 02:00:00,morning,2025-06-27,2025,26,5,Friday,58,30,28,18,279,649.43402
2025-06-27 14:00:00,afternoon,2025-06-27,2025,26,5,Friday,39,2,37,2,499,422.01727
2025-06-30 02:00:00,morning,2025-06-30,2025,27,1,Monday,34,15,19,8,218,353.00115999999997
2025-06-30 14:00:00,afternoon,2025-06-30,2025,27,1,Monday,33,0,33,0,351,275.64684
2025-07-01 02:00:00,morning,2025-07-01,2025,27,2,Tuesday,20,4,17,0,184,235.31109
2025-07-01 14:00:00,afternoon,2025-07-01,2025,27,2,Tuesday,34,2,32,0,432,353.07232999999997
2025-07-02 02:00:00,morning,2025-07-02,2025,27,3,Wednesday,37,14,23,4,241,400.3234
2025-07-02 14:00:00,afternoon,2025-07-02,2025,27,3,Wednesday,49,5,44,0,465,427.22173
2025-07-03 02:00:00,morning,2025-07-03,2025,27,4,Thursday,23,12,11,1,193,200.54964999999999
2025-07-03 14:00:00,afternoon,2025-07-03,2025,27,4,Thursday,39,1,38,0,409,361.95013
2025-07-04 02:00:00,morning,2025-07-04,2025,27,5,Friday,28,18,10,10,185,396.31203999999997
2025-07-04 14:00:00,afternoon,2025-07-04,2025,27,5,Friday,40,1,39,0,532,385.68745
2025-07-07 02:00:00,morning,2025-07-07,2025,28,1,Monday,39,18,22,10,222,522.58816
2025-07-07 14:00:00,afternoon,2025-07-07,2025,28,1,Monday,28,0,28,0,380,272.22262
2025-07-08 02:00:00,morning,2025-07-08,2025,28,2,Tuesday,29,13,16,5,223,393.00211
2025-07-08 14:00:00,afternoon,2025-07-08,2025,28,2,Tuesday,40,1,40,0,491,425.03856
2025-07-09 02:00:00,morning,2025-07-09,2025,28,3,Wednesday,23,10,14,1,195,200.03466
2025-07-09 14:00:00,afternoon,2025-07-09,2025,28,3,Wednesday,34,7,27,0,349,188.04393
2025-07-10 02:00:00,morning,2025-07-10,2025,28,4,Thursday,35,15,20,7,263,371.2273
2025-07-10 14:00:00,afternoon,2025-07-10,2025,28,4,Thursday,29,1,28,0,333,258.3563
2025-07-11 02:00:00,morning,2025-07-11,2025,28,5,Friday,46,22,24,10,283,544.54247
2025-07-11 14:00:00,afternoon,2025-07-11,2025,28,5,Friday,23,0,23,0,384,190.53767
2025-07-14 02:00:00,morning,2025-07-14,2025,29,1,Monday,35,12,23,5,202,401.37713
2025-07-14 14:00:00,afternoon,2025-07-14,2025,29,1,Monday,37,4,33,0,427,322.24708
2025-07-15 02:00:00,morning,2025-07-15,2025,29,2,Tuesday,24,7,17,3,190,260.08245
2025-07-15 14:00:00,afternoon,2025-07-15,2025,29,2,Tuesday,27,0,27,0,373,196.70245
2025-07-16 02:00:00,morning,2025-07-16,2025,29,3,Wednesday,31,11,20,4,225,344.21941
2025-07-16 14:00:00,afternoon,2025-07-16,2025,29,3,Wednesday,32,4,28,0,412,254.63086
2025-07-17 02:00:00,morning,2025-07-17,2025,29,4,Thursday,29,16,13,6,217,260.89893
2025-07-17 14:00:00,afternoon,2025-07-17,2025,29,4,Thursday,30,0,30,0,407,245.66281999999998
2025-07-18 02:00:00,morning,2025-07-18,2025,29,5,Friday,26,14,12,10,153,328.91913
2025-07-18 14:00:00,afternoon,2025-07-18,2025,29,5,Friday,25,2,23,0,403,125.83952
2025-07-21 02:00:00,morning,2025-07-21,2025,30,1,Monday,32,15,17,2,189,297.56114
2025-07-21 14:00:00,afternoon,2025-07-21,2025,30,1,Monday,31,3,28,0,376,280.48463
2025-07-22 02:00:00,morning,2025-07-22,2025,30,2,Tuesday,31,17,14,8,202,285.88446999999996
2025-07-22 14:00:00,afternoon,2025-07-22,2025,30,2,Tuesday,31,1,30,1,352,235.12629
2025-07-23 02:00:00,morning,2025-07-23,2025,30,3,Wednesday,29,13,16,5,149,268.68391
2025-07-23 14:00:00,afternoon,2025-07-23,2025,30,3,Wednesday,26,0,26,0,330,221.25843
2025-07-24 02:00:00,morning,2025-07-24,2025,30,4,Thursday,28,11,17,5,161,250.43281000000002
2025-07-24 14:00:00,afternoon,2025-07-24,2025,30,4,Thursday,25,1,24,0,294,151.14591
2025-07-25 02:00:00,morning,2025-07-25,2025,30,5,Friday,35,18,17,8,150,405.24543
2025-07-25 14:00:00,afternoon,2025-07-25,2025,30,5,Friday,28,2,26,0,329,256.28736
2025-07-28 02:00:00,morning,2025-07-28,2025,31,1,Monday,19,7,12,1,124,150.82150000000001
2025-07-28 14:00:00,afternoon,2025-07-28,2025,31,1,Monday,25,1,24,0,316,176.34739
2025-07-29 02:00:00,morning,2025-07-29,2025,31,2,Tuesday,18,7,11,2,129,243.40779999999998
2025-07-29 14:00:00,afternoon,2025-07-29,2025,31,2,Tuesday,30,0,30,0,344,224.34709999999998
2025-07-30 02:00:00,morning,2025-07-30,2025,31,3,Wednesday,36,17,19,2,174,261.05241
2025-07-30 14:00:00,afternoon,2025-07-30,2025,31,3,Wednesday,28,1,27,0,299,238.09435
2025-07-31 02:00:00,morning,2025-07-31,2025,31,4,Thursday,34,14,20,6,185,310.82848
2025-07-31 14:00:00,afternoon,2025-07-31,2025,31,4,Thursday,22,0,22,0,330,154.62061
2025-08-01 02:00:00,morning,2025-08-01,2025,31,5,Friday,32,23,10,8,140,319.18723
2025-08-01 14:00:00,afternoon,2025-08-01,2025,31,5,Friday,26,0,26,0,399,194.27274
2025-08-04 02:00:00,morning,2025-08-04,2025,32,1,Monday,16,5,11,1,127,133.97086
2025-08-04 14:00:00,afternoon,2025-08-04,2025,32,1,Monday,29,1,28,1,313,273.43188
2025-08-05 02:00:00,morning,2025-08-05,2025,32,2,Tuesday,19,7,12,3,241,196.05721
2025-08-05 14:00:00,afternoon,2025-08-05,2025,32,2,Tuesday,32,1,31,0,369,216.20728
2025-08-06 02:00:00,morning,2025-08-06,2025,32,3,Wednesday,22,11,11,1,114,131.60144
2025-08-06 14:00:00,afternoon,2025-08-06,2025,32,3,Wednesday,24,0,24,0,331,198.70842
2025-08-07 02:00:00,morning,2025-08-07,2025,32,4,Thursday,23,9,14,2,173,146.07852
2025-08-07 14:00:00,afternoon,2025-08-07,2025,32,4,Thursday,26,1,25,0,352,174.05757
2025-08-08 02:00:00,morning,2025-08-08,2025,32,5,Friday,30,16,14,7,200,309.96094999999997
2025-08-08 14:00:00,afternoon,2025-08-08,2025,32,5,Friday,23,0,23,0,276,185.14815000000002
2025-08-11 02:00:00,morning,2025-08-11,2025,33,1,Monday,23,3,20,1,164,231.88798
2025-08-11 14:00:00,afternoon,2025-08-11,2025,33,1,Monday,29,0,29,0,338,293.16653
2025-08-12 02:00:00,morning,2025-08-12,2025,33,2,Tuesday,23,7,16,0,187,198.93527
2025-08-12 14:00:00,afternoon,2025-08-12,2025,33,2,Tuesday,37,1,36,0,357,261.69028
2025-08-13 02:00:00,morning,2025-08-13,2025,33,3,Wednesday,27,13,14,1,164,247.30224
2025-08-13 14:00:00,afternoon,2025-08-13,2025,33,3,Wednesday,26,0,26,0,348,190.431
2025-08-14 02:00:00,morning,2025-08-14,2025,33,4,Thursday,34,13,21,0,250,277.88914
2025-08-14 14:00:00,afternoon,2025-08-14,2025,33,4,Thursday,26,0,26,0,370,160.46465
2025-08-15 02:00:00,morning,2025-08-15,2025,33,5,Friday,26,12,14,5,182,253.51491
2025-08-15 14:00:00,afternoon,2025-08-15,2025,33,5,Friday,21,1,20,0,279,73.06327
2025-08-18 02:00:00,morning,2025-08-18,2025,34,1,Monday,31,17,14,5,183,318.40428
2025-08-18 14:00:00,afternoon,2025-08-18,2025,34,1,Monday,34,0,34,0,339,255.98268
2025-08-19 02:00:00,morning,2025-08-19,2025,34,2,Tuesday,26,15,12,1,173,235.56411
2025-08-19 14:00:00,afternoon,2025-08-19,2025,34,2,Tuesday,30,0,30,0,330,240.23851000000002
2025-08-20 02:00:00,morning,2025-08-20,2025,34,3,Wednesday,40,25,16,9,171,446.43543
2025-08-20 14:00:00,afternoon,2025-08-20,2025,34,3,Wednesday,32,0,32,0,439,254.90043
2025-08-21 02:00:00,morning,2025-08-21,2025,34,4,Thursday,44,20,24,10,251,424.69623
2025-08-21 14:00:00,afternoon,2025-08-21,2025,34,4,Thursday,22,0,22,0,313,169.15966
2025-08-22 02:00:00,morning,2025-08-22,2025,34,5,Friday,42,27,15,16,213,510.41754000000003
2025-08-22 14:00:00,afternoon,2025-08-22,2025,34,5,Friday,36,11,25,0,339,208.96755
2025-08-25 02:00:00,morning,2025-08-25,2025,35,1,Monday,21,15,7,8,92,275.95152
2025-08-25 14:00:00,afternoon,2025-08-25,2025,35,1,Monday,35,1,34,0,453,293.60355
2025-08-26 02:00:00,morning,2025-08-26,2025,35,2,Tuesday,26,16,10,6,94,282.20529
2025-08-26 14:00:00,afternoon,2025-08-26,2025,35,2,Tuesday,34,0,34,0,456,337.43993
2025-08-27 02:00:00,morning,2025-08-27,2025,35,3,Wednesday,31,14,17,2,211,236.68873
2025-08-27 14:00:00,afternoon,2025-08-27,2025,35,3,Wednesday,33,6,27,0,348,253.52897000000002
2025-08-28 02:00:00,morning,2025-08-28,2025,35,4,Thursday,44,31,13,19,176,507.97072000000003
2025-08-28 14:00:00,afternoon,2025-08-28,2025,35,4,Thursday,30,1,29,0,414,312.16259
2025-08-29 02:00:00,morning,2025-08-29,2025,35,5,Friday,47,35,12,28,214,596.06557
2025-08-29 14:00:00,afternoon,2025-08-29,2025,35,5,Friday,29,0,29,0,335,293.06421
2025-09-01 02:00:00,morning,2025-09-01,2025,36,1,Monday,27,12,15,3,172,283.79081
2025-09-01 14:00:00,afternoon,2025-09-01,2025,36,1,Monday,29,1,28,0,316,253.27176
2025-09-02 02:00:00,morning,2025-09-02,2025,36,2,Tuesday,27,8,20,0,284,282.36191
2025-09-02 14:00:00,afternoon,2025-09-02,2025,36,2,Tuesday,39,1,38,0,491,325.79763
2025-09-03 02:00:00,morning,2025-09-03,2025,36,3,Wednesday,28,11,17,1,240,274.90641999999997
2025-09-03 14:00:00,afternoon,2025-09-03,2025,36,3,Wednesday,26,1,25,0,382,190.181
2025-09-04 02:00:00,morning,2025-09-04,2025,36,4,Thursday,28,17,11,3,209,258.15265
2025-09-04 14:00:00,afternoon,2025-09-04,2025,36,4,Thursday,41,1,40,0,423,347.93926
2025-09-05 02:00:00,morning,2025-09-05,2025,36,5,Friday,29,11,18,3,177,355.49637
2025-09-05 14:00:00,afternoon,2025-09-05,2025,36,5,Friday,36,2,34,0,538,339.79318
2025-09-08 02:00:00,morning,2025-09-08,2025,37,1,Monday,22,11,11,2,104,106.34608
2025-09-08 14:00:00,afternoon,2025-09-08,2025,37,1,Monday,32,0,32,0,508,401.95483
2025-09-09 02:00:00,morning,2025-09-09,2025,37,2,Tuesday,26,8,18,3,208,235.54446
2025-09-09 14:00:00,afternoon,2025-09-09,2025,37,2,Tuesday,36,1,35,1,469,325.42651
2025-09-10 02:00:00,morning,2025-09-10,2025,37,3,Wednesday,34,16,18,4,226,345.86209
2025-09-10 14:00:00,afternoon,2025-09-10,2025,37,3,Wednesday,36,1,35,0,471,313.57644
2025-09-11 02:00:00,morning,2025-09-11,2025,37,4,Thursday,36,14,23,7,204,370.46481
2025-09-11 14:00:00,afternoon,2025-09-11,2025,37,4,Thursday,30,0,30,0,355,308.72499
2025-09-12 02:00:00,morning,2025-09-12,2025,37,5,Friday,27,14,13,7,236,327.20608
2025-09-12 14:00:00,afternoon,2025-09-12,2025,37,5,Friday,35,0,35,0,457,332.04199
2025-09-15 02:00:00,morning,2025-09-15,2025,38,1,Monday,32,12,21,1,267,370.51515
2025-09-15 14:00:00,afternoon,2025-09-15,2025,38,1,Monday,39,5,34,0,404,362.4027
2025-09-16 02:00:00,morning,2025-09-16,2025,38,2,Tuesday,28,15,14,4,245,270.87287
2025-09-16 14:00:00,afternoon,2025-09-16,2025,38,2,Tuesday,29,2,27,0,380,228.45211
2025-09-17 02:00:00,morning,2025-09-17,2025,38,3,Wednesday,38,15,24,4,248,372.93034
2025-09-17 14:00:00,afternoon,2025-09-17,2025,38,3,Wednesday,38,3,35,1,406,326.13882
2025-09-18 02:00:00,morning,2025-09-18,2025,38,4,Thursday,38,19,19,5,225,387.71464000000003
2025-09-18 14:00:00,afternoon,2025-09-18,2025,38,4,Thursday,35,0,35,0,380,331.95936
2025-09-19 02:00:00,morning,2025-09-19,2025,38,5,Friday,49,34,15,17,254,567.07368
2025-09-19 14:00:00,afternoon,2025-09-19,2025,38,5,Friday,37,5,32,0,453,325.4803
2025-09-22 02:00:00,morning,2025-09-22,2025,39,1,Monday,33,11,22,2,247,329.77116
2025-09-22 14:00:00,afternoon,2025-09-22,2025,39,1,Monday,27,0,27,0,364,270.54854
2025-09-23 02:00:00,morning,2025-09-23,2025,39,2,Tuesday,43,25,18,7,267,387.99451
2025-09-23 14:00:00,afternoon,2025-09-23,2025,39,2,Tuesday,34,2,32,0,424,259.90056
2025-09-24 02:00:00,morning,2025-09-24,2025,39,3,Wednesday,27,8,19,1,241,280.59158
2025-09-24 14:00:00,afternoon,2025-09-24,2025,39,3,Wednesday,34,1,33,0,417,248.96813
2025-09-25 02:00:00,morning,2025-09-25,2025,39,4,Thursday,37,19,18,6,252,292.47057
2025-09-25 14:00:00,afternoon,2025-09-25,2025,39,4,Thursday,31,0,31,0,396,281.2721
2025-09-26 02:00:00,morning,2025-09-26,2025,39,5,Friday,34,25,9,15,239,406.12282
2025-09-26 14:00:00,afternoon,2025-09-26,2025,39,5,Friday,32,0,32,0,430,339.83826
2025-09-29 02:00:00,morning,2025-09-29,2025,40,1,Monday,29,14,15,2,167,343.77459
2025-09-29 14:00:00,afternoon,2025-09-29,2025,40,1,Monday,51,0,51,0,520,659.97789
2025-09-30 02:00:00,morning,2025-09-30,2025,40,2,Tuesday,20,13,8,6,185,251.6937
2025-09-30 14:00:00,afternoon,2025-09-30,2025,40,2,Tuesday,45,1,44,1,524,482.53724
2025-10-01 02:00:00,morning,2025-10-01,2025,40,3,Wednesday,32,12,20,3,214,269.04816999999997
2025-10-01 14:00:00,afternoon,2025-10-01,2025,40,3,Wednesday,35,0,35,0,482,293.77611
2025-10-02 02:00:00,morning,2025-10-02,2025,40,4,Thursday,46,22,24,8,248,508.17293
2025-10-02 14:00:00,afternoon,2025-10-02,2025,40,4,Thursday,42,8,35,1,380,262.77895
2025-10-03 02:00:00,morning,2025-10-03,2025,40,5,Friday,44,20,24,16,241,580.62316
2025-10-03 14:00:00,afternoon,2025-10-03,2025,40,5,Friday,29,1,28,0,361,254.06568
2025-10-06 02:00:00,morning,2025-10-06,2025,41,1,Monday,26,13,13,2,238,247.50636
2025-10-06 14:00:00,afternoon,2025-10-06,2025,41,1,Monday,34,1,33,0,428,277.21057
2025-10-07 02:00:00,morning,2025-10-07,2025,41,2,Tuesday,24,12,12,2,204,214.37800000000001
2025-10-07 14:00:00,afternoon,2025-10-07,2025,41,2,Tuesday,49,3,46,0,394,368.06447
2025-10-08 02:00:00,morning,2025-10-08,2025,41,3,Wednesday,21,8,14,2,247,186.03727
2025-10-08 14:00:00,afternoon,2025-10-08,2025,41,3,Wednesday,37,0,37,0,408,255.74388
2025-10-09 02:00:00,morning,2025-10-09,2025,41,4,Thursday,29,12,17,3,187,289.14986
2025-10-09 14:00:00,afternoon,2025-10-09,2025,41,4,Thursday,42,7,35,0,394,288.90597
2025-10-10 02:00:00,morning,2025-10-10,2025,41,5,Friday,36,23,13,9,207,533.5619
2025-10-10 14:00:00,afternoon,2025-10-10,2025,41,5,Friday,32,1,31,0,431,278.69918
2025-10-13 02:00:00,morning,2025-10-13,2025,42,1,Monday,32,8,25,2,223,445.25066
2025-10-13 14:00:00,afternoon,2025-10-13,2025,42,1,Monday,29,0,29,0,355,242.82524
2025-10-14 02:00:00,morning,2025-10-14,2025,42,2,Tuesday,35,17,18,6,234,411.25569
2025-10-14 14:00:00,afternoon,2025-10-14,2025,42,2,Tuesday,26,0,26,0,382,280.08882
2025-10-15 02:00:00,morning,2025-10-15,2025,42,3,Wednesday,22,6,16,0,199,256.67479
2025-10-15 14:00:00,afternoon,2025-10-15,2025,42,3,Wednesday,38,0,38,0,412,313.35153
2025-10-16 02:00:00,morning,2025-10-16,2025,42,4,Thursday,47,29,18,6,218,526.07997
2025-10-16 14:00:00,afternoon,2025-10-16,2025,42,4,Thursday,35,2,33,0,382,272.77853
2025-10-17 02:00:00,morning,2025-10-17,2025,42,5,Friday,41,23,18,10,232,503.80131
2025-10-17 14:00:00,afternoon,2025-10-17,2025,42,5,Friday,31,7,24,0,435,281.44681
2025-10-20 02:00:00,morning,2025-10-20,2025,43,1,Monday,38,17,22,0,236,279.10170999999997
2025-10-20 14:00:00,afternoon,2025-10-20,2025,43,1,Monday,34,1,33,0,419,304.74473
2025-10-21 02:00:00,morning,2025-10-21,2025,43,2,Tuesday,20,9,11,4,190,188.4091
2025-10-21 14:00:00,afternoon,2025-10-21,2025,43,2,Tuesday,40,2,38,0,475,298.33474
2025-10-22 02:00:00,morning,2025-10-22,2025,43,3,Wednesday,22,5,17,0,205,260.58308
2025-10-22 14:00:00,afternoon,2025-10-22,2025,43,3,Wednesday,38,0,38,0,412,349.86525
2025-10-23 02:00:00,morning,2025-10-23,2025,43,4,Thursday,31,14,17,4,225,336.49763
2025-10-23 14:00:00,afternoon,2025-10-23,2025,43,4,Thursday,38,12,26,0,348,273.43874
2025-10-24 02:00:00,morning,2025-10-24,2025,43,5,Friday,48,33,15,9,288,617.09481
2025-10-24 14:00:00,afternoon,2025-10-24,2025,43,5,Friday,31,0,31,0,409,255.60447
2025-10-27 02:00:00,morning,2025-10-27,2025,44,1,Monday,34,12,22,4,241,357.97693
2025-10-27 14:00:00,afternoon,2025-10-27,2025,44,1,Monday,46,1,45,0,455,407.67364
2025-10-28 02:00:00,morning,2025-10-28,2025,44,2,Tuesday,19,0,19,0,157,217.79933
2025-10-28 14:00:00,afternoon,2025-10-28,2025,44,2,Tuesday,16,1,15,0,259,140.96604
2025-10-29 02:00:00,morning,2025-10-29,2025,44,3,Wednesday,43,23,20,10,255,522.32621
2025-10-29 14:00:00,afternoon,2025-10-29,2025,44,3,Wednesday,51,0,51,0,492,541.32593
2025-10-30 02:00:00,morning,2025-10-30,2025,44,4,Thursday,41,23,19,6,212,296.52339
2025-10-30 14:00:00,afternoon,2025-10-30,2025,44,4,Thursday,47,7,40,0,491,403.51952
2025-10-31 02:00:00,morning,2025-10-31,2025,44,5,Friday,49,34,15,24,278,699.28499
2025-10-31 14:00:00,afternoon,2025-10-31,2025,44,5,Friday,31,0,31,0,370,284.45844
2025-11-03 02:00:00,morning,2025-11-03,2025,45,1,Monday,26,11,15,0,221,263.42405
2025-11-03 14:00:00,afternoon,2025-11-03,2025,45,1,Monday,42,0,42,0,431,422.67973
2025-11-04 02:00:00,morning,2025-11-04,2025,45,2,Tuesday,21,10,11,1,158,162.81055
2025-11-04 14:00:00,afternoon,2025-11-04,2025,45,2,Tuesday,35,0,35,0,431,416.24418
2025-11-05 02:00:00,morning,2025-11-05,2025,45,3,Wednesday,30,13,17,1,120,240.85787
2025-11-05 14:00:00,afternoon,2025-11-05,2025,45,3,Wednesday,42,0,42,0,514,428.43796
2025-11-06 02:00:00,morning,2025-11-06,2025,45,4,Thursday,43,16,28,5,235,409.15053
2025-11-06 14:00:00,afternoon,2025-11-06,2025,45,4,Thursday,41,9,32,0,371,322.39843
2025-11-07 02:00:00,morning,2025-11-07,2025,45,5,Friday,36,21,15,7,187,438.64013
2025-11-07 14:00:00,afternoon,2025-11-07,2025,45,5,Friday,42,0,42,0,508,355.85261
2025-11-10 02:00:00,morning,2025-11-10,2025,46,1,Monday,34,13,21,7,210,432.14777
2025-11-10 14:00:00,afternoon,2025-11-10,2025,46,1,Monday,47,6,41,0,484,450.10681
2025-11-11 02:00:00,morning,2025-11-11,2025,46,2,Tuesday,26,4,22,1,192,327.05591
2025-11-11 14:00:00,afternoon,2025-11-11,2025,46,2,Tuesday,37,1,36,0,381,258.51162
2025-11-12 02:00:00,morning,2025-11-12,2025,46,3,Wednesday,38,15,23,5,210,423.57287
2025-11-12 14:00:00,afternoon,2025-11-12,2025,46,3,Wednesday,39,0,39,0,435,304.77325
2025-11-13 02:00:00,morning,2025-11-13,2025,46,4,Thursday,38,20,18,3,206,296.51847
2025-11-13 14:00:00,afternoon,2025-11-13,2025,46,4,Thursday,25,1,24,0,296,197.18522
2025-11-14 02:00:00,morning,2025-11-14,2025,46,5,Friday,41,28,13,13,201,495.52553
2025-11-14 14:00:00,afternoon,2025-11-14,2025,46,5,Friday,44,0,44,0,522,442.05355
2025-11-17 02:00:00,morning,2025-11-17,2025,47,1,Monday,22,2,20,0,185,195.1943
2025-11-17 14:00:00,afternoon,2025-11-17,2025,47,1,Monday,11,0,11,0,260,128.93577
2025-11-18 02:00:00,morning,2025-11-18,2025,47,2,Tuesday,47,17,30,4,325,465.3861
2025-11-18 14:00:00,afternoon,2025-11-18,2025,47,2,Tuesday,50,2,48,1,514,520.0798
2025-11-19 02:00:00,morning,2025-11-19,2025,47,3,Wednesday,36,13,23,1,247,282.98887
2025-11-19 14:00:00,afternoon,2025-11-19,2025,47,3,Wednesday,25,1,24,0,341,189.06626
2025-11-20 02:00:00,morning,2025-11-20,2025,47,4,Thursday,42,23,19,5,235,332.25327
2025-11-20 14:00:00,afternoon,2025-11-20,2025,47,4,Thursday,34,0,34,0,403,390.6701
2025-11-21 02:00:00,morning,2025-11-21,2025,47,5,Friday,50,27,24,7,258,371.43988
2025-11-21 14:00:00,afternoon,2025-11-21,2025,47,5,Friday,29,0,29,0,424,283.00192
2025-11-24 02:00:00,morning,2025-11-24,2025,48,1,Monday,23,7,16,0,236,246.10852
2025-11-24 14:00:00,afternoon,2025-11-24,2025,48,1,Monday,44,1,43,0,406,435.84249
2025-11-25 02:00:00,morning,2025-11-25,2025,48,2,Tuesday,40,22,19,6,196,401.04377999999997
2025-11-25 14:00:00,afternoon,2025-11-25,2025,48,2,Tuesday,47,0,47,0,551,442.91258
2025-11-26 02:00:00,morning,2025-11-26,2025,48,3,Wednesday,24,11,13,2,224,206.77944
2025-11-26 14:00:00,afternoon,2025-11-26,2025,48,3,Wednesday,43,0,43,0,420,468.54141
2025-11-27 02:00:00,morning,2025-11-27,2025,48,4,Thursday,42,29,13,11,290,379.34221
2025-11-27 14:00:00,afternoon,2025-11-27,2025,48,4,Thursday,55,10,45,0,416,424.98699999999997
2025-11-28 02:00:00,morning,2025-11-28,2025,48,5,Friday,51,29,22,20,246,672.1401099999999
2025-11-28 14:00:00,afternoon,2025-11-28,2025,48,5,Friday,49,7,42,0,401,367.62218
2025-12-01 02:00:00,morning,2025-12-01,2025,49,1,Monday,21,3,18,0,179,219.89298
2025-12-01 14:00:00,afternoon,2025-12-01,2025,49,1,Monday,41,2,39,0,438,413.33137999999997
2025-12-02 02:00:00,morning,2025-12-02,2025,49,2,Tuesday,27,7,20,0,211,333.96692
2025-12-02 14:00:00,afternoon,2025-12-02,2025,49,2,Tuesday,55,1,54,0,459,527.45756
2025-12-03 02:00:00,morning,2025-12-03,2025,49,3,Wednesday,35,14,22,3,192,444.46144
2025-12-03 14:00:00,afternoon,2025-12-03,2025,49,3,Wednesday,36,1,35,0,428,342.03535999999997
2025-12-04 02:00:00,morning,2025-12-04,2025,49,4,Thursday,38,17,22,2,234,449.48656
2025-12-04 14:00:00,afternoon,2025-12-04,2025,49,4,Thursday,38,1,37,0,492,370.72105
2025-12-05 02:00:00,morning,2025-12-05,2025,49,5,Friday,36,17,20,3,247,395.68045
2025-12-05 14:00:00,afternoon,2025-12-05,2025,49,5,Friday,29,0,29,0,438,287.44144
2025-12-08 02:00:00,morning,2025-12-08,2025,50,1,Monday,26,7,19,3,205,280.6852
2025-12-08 14:00:00,afternoon,2025-12-08,2025,50,1,Monday,41,7,34,0,386,331.58684
2025-12-09 02:00:00,morning,2025-12-09,2025,50,2,Tuesday,32,15,18,3,230,360.48868
2025-12-09 14:00:00,afternoon,2025-12-09,2025,50,2,Tuesday,37,0,37,0,386,448.16972
2025-12-10 02:00:00,morning,2025-12-10,2025,50,3,Wednesday,48,27,22,7,285,377.74667999999997
2025-12-10 14:00:00,afternoon,2025-12-10,2025,50,3,Wednesday,43,0,43,0,327,393.02436
2025-12-11 02:00:00,morning,2025-12-11,2025,50,4,Thursday,41,23,18,8,245,452.73286
2025-12-11 14:00:00,afternoon,2025-12-11,2025,50,4,Thursday,48,1,47,0,505,499.17158
2025-12-12 02:00:00,morning,2025-12-12,2025,50,5,Friday,43,26,17,13,227,666.40199
2025-12-12 14:00:00,afternoon,2025-12-12,2025,50,5,Friday,39,0,39,0,426,457.0883
2025-12-15 02:00:00,morning,2025-12-15,2025,51,1,Monday,26,10,16,0,195,261.12351
2025-12-15 14:00:00,afternoon,2025-12-15,2025,51,1,Monday,46,7,39,0,418,376.13006
2025-12-16 02:00:00,morning,2025-12-16,2025,51,2,Tuesday,31,13,18,4,177,234.41382000000002
2025-12-16 14:00:00,afternoon,2025-12-16,2025,51,2,Tuesday,36,0,36,0,335,322.32138
2025-12-17 02:00:00,morning,2025-12-17,2025,51,3,Wednesday,41,18,23,3,232,299.21542
2025-12-17 14:00:00,afternoon,2025-12-17,2025,51,3,Wednesday,35,2,33,0,324,278.15581
2025-12-18 02:00:00,morning,2025-12-18,2025,51,4,Thursday,35,19,16,2,161,251.59102000000001
2025-12-18 14:00:00,afternoon,2025-12-18,2025,51,4,Thursday,1,0,1,0,1,0.0012
2025-12-18 14:00:00,afternoon,2025-12-18,2025,51,4,Thursday,26,1,25,0,169,202.69398999999999
2025-12-19 02:00:00,morning,2025-12-19,2025,51,5,Friday,1,0,1,0,3,1.2016
2025-12-19 02:00:00,morning,2025-12-19,2025,51,5,Friday,27,20,7,9,84,256.01718999999997
2025-12-19 14:00:00,afternoon,2025-12-19,2025,51,5,Friday,9,1,8,0,133,93.2152
2025-12-22 02:00:00,morning,2025-12-22,2025,52,1,Monday,32,30,2,9,58,400.42357
2025-12-22 14:00:00,afternoon,2025-12-22,2025,52,1,Monday,6,1,5,0,31,45.16322
2025-12-23 02:00:00,morning,2025-12-23,2025,52,2,Tuesday,23,23,0,4,43,197.25014
2025-12-23 14:00:00,afternoon,2025-12-23,2025,52,2,Tuesday,2,0,2,0,2,0.0005600000000000001
2025-12-29 02:00:00,morning,2025-12-29,2026,1,1,Monday,18,18,0,8,49,232.29647
2025-12-29 14:00:00,afternoon,2025-12-29,2026,1,1,Monday,3,0,3,0,36,13.99168
2025-12-30 02:00:00,morning,2025-12-30,2026,1,2,Tuesday,25,25,0,15,46,264.84943
2025-12-30 14:00:00,afternoon,2025-12-30,2026,1,2,Tuesday,2,0,2,0,8,0.01669
2026-01-02 02:00:00,morning,2026-01-02,2026,1,5,Friday,18,5,13,3,287,238.98522
2026-01-02 14:00:00,afternoon,2026-01-02,2026,1,5,Friday,16,0,16,0,330,105.22071
2026-01-05 02:00:00,morning,2026-01-05,2026,2,1,Monday,36,4,32,0,324,418.39729
2026-01-05 14:00:00,afternoon,2026-01-05,2026,2,1,Monday,55,0,55,0,448,585.38426
2026-01-06 02:00:00,morning,2026-01-06,2026,2,2,Tuesday,30,9,21,0,175,397.01479
2026-01-06 14:00:00,afternoon,2026-01-06,2026,2,2,Tuesday,28,1,27,0,261,267.21727
2026-01-07 02:00:00,morning,2026-01-07,2026,2,3,Wednesday,28,11,17,1,210,212.39727
2026-01-07 14:00:00,afternoon,2026-01-07,2026,2,3,Wednesday,24,0,24,0,298,207.38445000000002
2026-01-08 02:00:00,morning,2026-01-08,2026,2,4,Thursday,34,17,18,4,163,253.779
2026-01-08 14:00:00,afternoon,2026-01-08,2026,2,4,Thursday,32,0,32,0,333,309.9807
2026-01-09 02:00:00,morning,2026-01-09,2026,2,5,Friday,35,17,18,8,204,427.71006
2026-01-09 14:00:00,afternoon,2026-01-09,2026,2,5,Friday,29,1,28,0,358,315.82325
2026-01-12 02:00:00,morning,2026-01-12,2026,3,1,Monday,25,6,19,3,217,362.97046
2026-01-12 14:00:00,afternoon,2026-01-12,2026,3,1,Monday,41,2,39,0,375,401.63131
2026-01-13 02:00:00,morning,2026-01-13,2026,3,2,Tuesday,24,6,19,0,225,277.69254
2026-01-13 14:00:00,afternoon,2026-01-13,2026,3,2,Tuesday,36,1,35,0,394,292.49226
2026-01-14 02:00:00,morning,2026-01-14,2026,3,3,Wednesday,28,10,18,0,171,235.632
2026-01-14 14:00:00,afternoon,2026-01-14,2026,3,3,Wednesday,28,0,28,0,313,254.14441
2026-01-15 02:00:00,morning,2026-01-15,2026,3,4,Thursday,35,10,25,2,257,293.2168
2026-01-15 14:00:00,afternoon,2026-01-15,2026,3,4,Thursday,28,0,28,0,346,236.48847999999998
2026-01-16 02:00:00,morning,2026-01-16,2026,3,5,Friday,37,20,17,7,166,446.76885
2026-01-16 14:00:00,afternoon,2026-01-16,2026,3,5,Friday,28,1,27,0,408,230.17197000000002
2026-01-19 02:00:00,morning,2026-01-19,2026,4,1,Monday,42,18,24,8,231,505.56006
2026-01-19 14:00:00,afternoon,2026-01-19,2026,4,1,Monday,36,0,36,0,406,314.9146
2026-01-20 02:00:00,morning,2026-01-20,2026,4,2,Tuesday,28,10,18,3,209,255.32914
2026-01-20 14:00:00,afternoon,2026-01-20,2026,4,2,Tuesday,40,0,40,0,412,304.10173
2026-01-21 02:00:00,morning,2026-01-21,2026,4,3,Wednesday,31,13,19,2,192,284.1452
2026-01-21 14:00:00,afternoon,2026-01-21,2026,4,3,Wednesday,32,2,30,0,388,270.15825
2026-01-22 02:00:00,morning,2026-01-22,2026,4,4,Thursday,36,18,18,6,255,397.45184
2026-01-22 14:00:00,afternoon,2026-01-22,2026,4,4,Thursday,38,0,38,0,466,325.22844
2026-01-23 02:00:00,morning,2026-01-23,2026,4,5,Friday,47,23,24,7,260,525.05529
2026-01-23 14:00:00,afternoon,2026-01-23,2026,4,5,Friday,27,1,26,0,394,218.97439
2026-01-26 02:00:00,morning,2026-01-26,2026,5,1,Monday,31,10,22,4,255,353.25169999999997
2026-01-26 14:00:00,afternoon,2026-01-26,2026,5,1,Monday,39,4,35,0,418,320.80106
2026-01-27 02:00:00,morning,2026-01-27,2026,5,2,Tuesday,22,12,10,3,175,257.64301
2026-01-27 14:00:00,afternoon,2026-01-27,2026,5,2,Tuesday,54,3,51,1,497,440.08011
2026-01-28 02:00:00,morning,2026-01-28,2026,5,3,Wednesday,43,32,11,14,189,554.32108
2026-01-28 14:00:00,afternoon,2026-01-28,2026,5,3,Wednesday,38,0,38,0,441,412.45604
2026-01-29 02:00:00,morning,2026-01-29,2026,5,4,Thursday,34,13,21,6,223,414.53772000000004
2026-01-29 14:00:00,afternoon,2026-01-29,2026,5,4,Thursday,48,9,39,0,491,403.93917
2026-01-30 02:00:00,morning,2026-01-30,2026,5,5,Friday,58,46,12,28,191,818.7770800000001
2026-01-30 14:00:00,afternoon,2026-01-30,2026,5,5,Friday,40,2,38,1,498,369.28459
2026-02-02 02:00:00,morning,2026-02-02,2026,6,1,Monday,27,10,18,1,215,224.62754
2026-02-02 14:00:00,afternoon,2026-02-02,2026,6,1,Monday,40,2,38,0,443,284.84691
2026-02-03 02:00:00,morning,2026-02-03,2026,6,2,Tuesday,27,5,22,0,178,303.18703
2026-02-03 14:00:00,afternoon,2026-02-03,2026,6,2,Tuesday,34,3,31,0,396,226.34438
2026-02-04 02:00:00,morning,2026-02-04,2026,6,3,Wednesday,29,12,17,2,176,272.41967
2026-02-04 14:00:00,afternoon,2026-02-04,2026,6,3,Wednesday,33,1,32,0,359,271.26583
2026-02-05 02:00:00,morning,2026-02-05,2026,6,4,Thursday,34,19,15,6,207,353.07707
2026-02-05 14:00:00,afternoon,2026-02-05,2026,6,4,Thursday,34,1,33,0,474,300.97319
2026-02-06 02:00:00,morning,2026-02-06,2026,6,5,Friday,39,19,20,12,272,472.84013
2026-02-06 14:00:00,afternoon,2026-02-06,2026,6,5,Friday,29,1,28,0,368,226.7207
2026-02-09 02:00:00,morning,2026-02-09,2026,7,1,Monday,29,14,15,1,231,275.07164
2026-02-09 14:00:00,afternoon,2026-02-09,2026,7,1,Monday,41,1,40,0,455,396.84348
2026-02-10 02:00:00,morning,2026-02-10,2026,7,2,Tuesday,29,16,14,6,216,346.25982
2026-02-10 14:00:00,afternoon,2026-02-10,2026,7,2,Tuesday,39,0,39,0,442,350.75562
2026-02-11 02:00:00,morning,2026-02-11,2026,7,3,Wednesday,30,10,20,1,220,262.92316
2026-02-11 14:00:00,afternoon,2026-02-11,2026,7,3,Wednesday,38,3,35,2,420,298.48023
2026-02-12 02:00:00,morning,2026-02-12,2026,7,4,Thursday,42,17,25,6,252,396.84611
2026-02-12 14:00:00,afternoon,2026-02-12,2026,7,4,Thursday,29,2,27,0,400,248.42682
2026-02-13 02:00:00,morning,2026-02-13,2026,7,5,Friday,46,25,21,12,251,502.37182
2026-02-13 14:00:00,afternoon,2026-02-13,2026,7,5,Friday,31,0,31,0,411,288.60723
2026-02-16 02:00:00,morning,2026-02-16,2026,8,1,Monday,37,21,16,14,237,459.62226
2026-02-16 14:00:00,afternoon,2026-02-16,2026,8,1,Monday,37,1,36,0,403,418.17511
2026-02-17 02:00:00,morning,2026-02-17,2026,8,2,Tuesday,31,13,18,5,182,351.24085
2026-02-17 14:00:00,afternoon,2026-02-17,2026,8,2,Tuesday,42,7,35,0,491,295.12774
2026-02-18 02:00:00,morning,2026-02-18,2026,8,3,Wednesday,46,18,28,5,261,476.11167
2026-02-18 14:00:00,afternoon,2026-02-18,2026,8,3,Wednesday,31,2,30,0,373,212.18517
2026-02-19 02:00:00,morning,2026-02-19,2026,8,4,Thursday,38,19,19,4,272,314.71650999999997
2026-02-19 14:00:00,afternoon,2026-02-19,2026,8,4,Thursday,37,1,36,0,451,344.78965999999997
2026-02-20 02:00:00,morning,2026-02-20,2026,8,5,Friday,50,30,20,21,260,689.48016
2026-02-20 14:00:00,afternoon,2026-02-20,2026,8,5,Friday,31,0,31,0,409,322.47775
2026-02-23 02:00:00,morning,2026-02-23,2026,9,1,Monday,27,10,17,6,203,330.47219
2026-02-23 14:00:00,afternoon,2026-02-23,2026,9,1,Monday,40,0,40,0,439,444.8781
2026-02-24 02:00:00,morning,2026-02-24,2026,9,2,Tuesday,29,11,18,2,246,361.54749
2026-02-24 14:00:00,afternoon,2026-02-24,2026,9,2,Tuesday,32,0,32,0,463,277.27598
2026-02-25 02:00:00,morning,2026-02-25,2026,9,3,Wednesday,36,13,23,4,246,423.06884
2026-02-25 14:00:00,afternoon,2026-02-25,2026,9,3,Wednesday,38,0,38,0,401,345.47494
2026-02-26 02:00:00,morning,2026-02-26,2026,9,4,Thursday,54,36,18,19,204,620.73964
2026-02-26 14:00:00,afternoon,2026-02-26,2026,9,4,Thursday,46,4,42,0,434,407.79355
2026-02-27 02:00:00,morning,2026-02-27,2026,9,5,Friday,63,48,15,33,199,975.6326
2026-02-27 14:00:00,afternoon,2026-02-27,2026,9,5,Friday,36,0,36,0,534,377.58231
2026-03-02 02:00:00,morning,2026-03-02,2026,10,1,Monday,27,11,16,3,150,200.08744
2026-03-02 14:00:00,afternoon,2026-03-02,2026,10,1,Monday,44,1,43,0,450,391.30061
2026-03-03 02:00:00,morning,2026-03-03,2026,10,2,Tuesday,23,9,14,4,203,186.55478
2026-03-03 14:00:00,afternoon,2026-03-03,2026,10,2,Tuesday,36,0,36,0,460,355.49741
2026-03-04 02:00:00,morning,2026-03-04,2026,10,3,Wednesday,30,5,25,0,242,323.21793
2026-03-04 14:00:00,afternoon,2026-03-04,2026,10,3,Wednesday,34,0,34,0,430,314.6042
2026-03-05 02:00:00,morning,2026-03-05,2026,10,4,Thursday,38,19,19,5,220,343.967
2026-03-05 14:00:00,afternoon,2026-03-05,2026,10,4,Thursday,49,3,46,0,439,461.81336
2026-03-06 02:00:00,morning,2026-03-06,2026,10,5,Friday,43,20,23,9,290,472.9871
2026-03-06 14:00:00,afternoon,2026-03-06,2026,10,5,Friday,28,0,28,0,356,290.69073
2026-03-09 02:00:00,morning,2026-03-09,2026,11,1,Monday,29,12,17,5,211,298.92118
2026-03-09 14:00:00,afternoon,2026-03-09,2026,11,1,Monday,45,1,44,0,467,450.3851
2026-03-10 02:00:00,morning,2026-03-10,2026,11,2,Tuesday,28,13,15,4,201,283.27009
2026-03-10 14:00:00,afternoon,2026-03-10,2026,11,2,Tuesday,47,2,45,0,498,523.1201
2026-03-11 02:00:00,morning,2026-03-11,2026,11,3,Wednesday,33,12,21,6,188,324.5918
2026-03-11 14:00:00,afternoon,2026-03-11,2026,11,3,Wednesday,44,1,43,0,387,500.21663
2026-03-12 02:00:00,morning,2026-03-12,2026,11,4,Thursday,31,9,22,2,244,318.43307
2026-03-12 14:00:00,afternoon,2026-03-12,2026,11,4,Thursday,33,0,33,0,429,357.35251
2026-03-13 02:00:00,morning,2026-03-13,2026,11,5,Friday,43,20,23,13,180,618.23243
2026-03-13 14:00:00,afternoon,2026-03-13,2026,11,5,Friday,38,0,38,0,525,417.53895
