date,iso_year,iso_week,weekday,weekday_name,trips_total,trips_export,trips_europe,containers_count,orders_nunique,gross_tons
2022-01-03,2022,1,1,Monday,34,1,33,0,420,463.9371
2022-01-04,2022,1,2,Tuesday,56,9,47,0,500,792.70307
2022-01-05,2022,1,3,Wednesday,48,13,35,4,473,611.3853
2022-01-06,2022,1,4,Thursday,45,8,37,2,474,509.14952
2022-01-07,2022,1,5,Friday,42,10,32,1,390,344.26294
2022-01-10,2022,2,1,Monday,45,9,36,2,494,431.38076
2022-01-11,2022,2,2,Tuesday,40,11,29,1,469,271.66508
2022-01-12,2022,2,3,Wednesday,38,13,25,1,383,330.7074
2022-01-13,2022,2,4,Thursday,43,9,35,1,551,418.58391
2022-01-14,2022,2,5,Friday,54,17,37,4,670,554.95405
2022-01-17,2022,3,1,Monday,55,12,43,4,654,597.90058
2022-01-18,2022,3,2,Tuesday,55,13,43,2,523,600.5256899999999
2022-01-19,2022,3,3,Wednesday,50,8,42,0,598,375.68915
2022-01-20,2022,3,4,Thursday,46,11,36,3,615,495.03096999999997
2022-01-21,2022,3,5,Friday,66,13,53,7,666,697.49454
2022-01-24,2022,4,1,Monday,46,9,37,2,553,586.27988
2022-01-25,2022,4,2,Tuesday,57,9,48,0,664,792.95215
2022-01-26,2022,4,3,Wednesday,53,14,39,7,575,565.94386
2022-01-27,2022,4,4,Thursday,56,15,41,2,580,582.79408
2022-01-28,2022,4,5,Friday,65,19,46,9,674,684.7701
2022-01-31,2022,5,1,Monday,69,14,55,4,650,770.99053
2022-02-01,2022,5,2,Tuesday,55,11,44,1,580,615.26066
2022-02-02,2022,5,3,Wednesday,63,18,45,4,703,760.80429
2022-02-03,2022,5,4,Thursday,60,15,45,5,631,667.38543
2022-02-04,2022,5,5,Friday,60,16,44,2,713,733.80437
2022-02-07,2022,6,1,Monday,59,11,48,4,629,712.21418
2022-02-08,2022,6,2,Tuesday,57,13,44,0,693,560.34524
2022-02-09,2022,6,3,Wednesday,62,15,47,3,552,574.94006
2022-02-10,2022,6,4,Thursday,56,15,41,7,643,623.64675
2022-02-11,2022,6,5,Friday,64,24,40,16,613,752.10203
2022-02-14,2022,7,1,Monday,70,19,51,9,734,761.82321
2022-02-15,2022,7,2,Tuesday,54,10,44,5,687,679.74256
2022-02-16,2022,7,3,Wednesday,64,24,40,7,619,637.52774
2022-02-17,2022,7,4,Thursday,74,31,45,7,642,655.35572
2022-02-18,2022,7,5,Friday,65,16,49,6,720,649.0506
2022-02-21,2022,8,1,Monday,53,9,44,3,727,609.30981
2022-02-22,2022,8,2,Tuesday,46,3,43,1,694,539.35113
2022-02-23,2022,8,3,Wednesday,73,26,47,17,696,992.97495
2022-02-24,2022,8,4,Thursday,61,20,41,9,583,666.39959
2022-02-25,2022,8,5,Friday,78,27,51,13,775,1004.70309
2022-02-28,2022,9,1,Monday,65,20,45,12,709,819.89822
2022-03-01,2022,9,2,Tuesday,66,18,48,6,737,790.60337
2022-03-02,2022,9,3,Wednesday,62,13,49,5,631,905.63353
2022-03-03,2022,9,4,Thursday,53,10,43,4,547,692.93094
2022-03-04,2022,9,5,Friday,81,17,65,5,846,917.83603
2022-03-07,2022,10,1,Monday,51,5,46,1,722,802.1955899999999
2022-03-08,2022,10,2,Tuesday,59,10,50,1,756,796.1092199999999
2022-03-09,2022,10,3,Wednesday,55,10,45,4,674,700.62928
2022-03-10,2022,10,4,Thursday,63,16,48,5,674,731.20617
2022-03-11,2022,10,5,Friday,72,13,59,7,769,803.16134
2022-03-14,2022,11,1,Monday,66,13,53,6,719,848.879
2022-03-15,2022,11,2,Tuesday,63,12,52,5,713,730.32545
2022-03-16,2022,11,3,Wednesday,67,10,57,7,664,781.40163
2022-03-17,2022,11,4,Thursday,67,19,48,5,583,600.0525
2022-03-18,2022,11,5,Friday,59,14,45,6,787,586.35409
2022-03-21,2022,12,1,Monday,68,15,53,10,900,1091.96169
2022-03-22,2022,12,2,Tuesday,74,8,67,4,958,1234.27945
2022-03-23,2022,12,3,Wednesday,79,12,67,7,683,946.41597
2022-03-24,2022,12,4,Thursday,65,16,49,8,669,727.0503
2022-03-25,2022,12,5,Friday,86,22,64,13,880,1130.17329
2022-03-28,2022,13,1,Monday,73,12,61,5,865,1203.81549
2022-03-29,2022,13,2,Tuesday,72,16,56,7,837,1161.15035
2022-03-30,2022,13,3,Wednesday,75,14,61,8,727,823.43224
2022-03-31,2022,13,4,Thursday,73,21,53,9,665,857.18223
2022-04-01,2022,13,5,Friday,58,10,48,6,652,562.6684300000001
2022-04-04,2022,14,1,Monday,64,16,48,9,625,1049.49051
2022-04-05,2022,14,2,Tuesday,57,9,49,3,708,653.08474
2022-04-06,2022,14,3,Wednesday,63,11,52,6,671,663.35038
2022-04-07,2022,14,4,Thursday,45,8,37,5,539,501.7514
2022-04-08,2022,14,5,Friday,71,18,53,7,728,679.03576
2022-04-11,2022,15,1,Monday,48,10,38,3,696,656.77008
2022-04-12,2022,15,2,Tuesday,54,7,47,1,632,698.47363
2022-04-13,2022,15,3,Wednesday,51,6,45,1,591,591.65015
2022-04-14,2022,15,4,Thursday,57,17,40,7,456,569.43402
2022-04-15,2022,15,5,Friday,20,0,20,0,238,272.67664
2022-04-19,2022,16,2,Tuesday,75,18,57,10,745,1110.50517
2022-04-20,2022,16,3,Wednesday,72,15,57,7,660,851.84552
2022-04-21,2022,16,4,Thursday,48,10,38,3,477,599.12074
2022-04-22,2022,16,5,Friday,78,16,63,8,799,978.2507
2022-04-25,2022,17,1,Monday,63,12,51,7,561,858.03441
2022-04-26,2022,17,2,Tuesday,56,9,47,5,651,833.43633
2022-04-27,2022,17,3,Wednesday,65,13,53,6,648,711.72664
2022-04-28,2022,17,4,Thursday,62,15,48,4,602,644.0929199999999
2022-04-29,2022,17,5,Friday,65,21,45,15,583,695.16972
2022-05-02,2022,18,1,Monday,57,8,49,1,652,644.62127
2022-05-03,2022,18,2,Tuesday,55,13,42,6,543,600.60881
2022-05-04,2022,18,3,Wednesday,54,8,46,2,534,427.36129
2022-05-05,2022,18,4,Thursday,49,9,40,6,500,609.38368
2022-05-06,2022,18,5,Friday,64,15,49,7,688,669.18887
2022-05-09,2022,19,1,Monday,48,6,42,3,561,658.97489
2022-05-10,2022,19,2,Tuesday,61,15,47,1,645,592.2043
2022-05-11,2022,19,3,Wednesday,49,13,36,5,501,446.84929999999997
2022-05-12,2022,19,4,Thursday,51,14,37,5,607,523.49895
2022-05-13,2022,19,5,Friday,55,8,47,4,652,543.1514999999999
2022-05-16,2022,20,1,Monday,53,11,42,2,550,616.82594
2022-05-17,2022,20,2,Tuesday,46,4,42,0,560,443.18478
2022-05-18,2022,20,3,Wednesday,57,16,41,5,558,474.90195
2022-05-19,2022,20,4,Thursday,48,10,38,4,601,536.51599
2022-05-20,2022,20,5,Friday,64,20,44,10,634,668.4266
2022-05-23,2022,21,1,Monday,48,9,39,3,573,595.40054
2022-05-24,2022,21,2,Tuesday,51,8,43,3,546,497.13784
2022-05-25,2022,21,3,Wednesday,43,7,36,3,495,345.12925
2022-05-26,2022,21,4,Thursday,56,17,39,9,552,636.47542
2022-05-27,2022,21,5,Friday,68,21,47,13,487,713.5850800000001
2022-05-30,2022,22,1,Monday,54,11,43,1,502,612.14292
2022-05-31,2022,22,2,Tuesday,41,8,33,4,441,447.44157
2022-06-01,2022,22,3,Wednesday,54,12,42,5,564,572.25179
2022-06-02,2022,22,4,Thursday,49,16,33,7,459,423.8076
2022-06-03,2022,22,5,Friday,58,19,40,7,592,522.35805
2022-06-06,2022,23,1,Monday,48,13,36,7,373,503.11616
2022-06-07,2022,23,2,Tuesday,54,9,45,5,511,512.89971
2022-06-08,2022,23,3,Wednesday,58,16,42,7,492,557.09906
2022-06-09,2022,23,4,Thursday,54,17,37,6,492,566.6967099999999
2022-06-10,2022,23,5,Friday,68,19,49,13,641,717.0837
2022-06-13,2022,24,1,Monday,50,8,42,4,481,578.7921
2022-06-14,2022,24,2,Tuesday,51,10,41,5,573,564.72435
2022-06-15,2022,24,3,Wednesday,53,6,47,5,590,635.0601
2022-06-16,2022,24,4,Thursday,52,13,40,4,461,527.31247
2022-06-17,2022,24,5,Friday,66,25,42,13,503,732.35629
2022-06-20,2022,25,1,Monday,53,10,43,3,567,527.1260599999999
2022-06-21,2022,25,2,Tuesday,48,9,39,5,476,572.47505
2022-06-22,2022,25,3,Wednesday,54,16,39,6,504,522.74868
2022-06-23,2022,25,4,Thursday,58,15,43,4,600,522.3395
2022-06-24,2022,25,5,Friday,56,8,48,3,527,548.16889
2022-06-27,2022,26,1,Monday,51,14,38,3,505,495.59156
2022-06-28,2022,26,2,Tuesday,50,2,48,0,519,567.74707
2022-06-29,2022,26,3,Wednesday,52,15,37,10,481,499.63466999999997
2022-06-30,2022,26,4,Thursday,81,39,42,30,580,1068.86862
2022-07-01,2022,26,5,Friday,69,26,43,17,552,789.2784
2022-07-04,2022,27,1,Monday,48,8,40,5,459,582.57391
2022-07-05,2022,27,2,Tuesday,22,0,22,0,325,232.22119
2022-07-06,2022,27,3,Wednesday,23,1,22,0,279,268.2522
2022-07-07,2022,27,4,Thursday,67,11,56,2,698,705.98298
2022-07-08,2022,27,5,Friday,74,25,49,11,619,858.19699
2022-07-11,2022,28,1,Monday,61,18,43,8,500,636.73394
2022-07-12,2022,28,2,Tuesday,60,10,50,2,626,663.56912
2022-07-13,2022,28,3,Wednesday,50,9,41,5,422,496.25419999999997
2022-07-14,2022,28,4,Thursday,77,30,47,17,616,765.66248
2022-07-15,2022,28,5,Friday,55,15,40,5,522,414.97736
2022-07-18,2022,29,1,Monday,42,5,37,0,378,387.75761
2022-07-19,2022,29,2,Tuesday,59,9,50,3,475,629.522
2022-07-20,2022,29,3,Wednesday,44,3,41,0,405,383.06483
2022-07-21,2022,29,4,Thursday,39,10,29,4,363,317.83673
2022-07-22,2022,29,5,Friday,59,21,40,11,427,557.03969
2022-07-25,2022,30,1,Monday,47,10,38,2,402,411.12886
2022-07-26,2022,30,2,Tuesday,51,10,41,0,441,494.61791
2022-07-27,2022,30,3,Wednesday,41,6,35,2,321,420.21333
2022-07-28,2022,30,4,Thursday,45,15,31,3,440,286.8529
2022-07-29,2022,30,5,Friday,51,16,35,11,403,489.41741
2022-08-01,2022,31,1,Monday,27,15,12,5,115,252.35601
2022-08-02,2022,31,2,Tuesday,48,14,34,6,617,488.4727
2022-08-03,2022,31,3,Wednesday,42,7,35,3,451,295.605
2022-08-04,2022,31,4,Thursday,38,7,31,1,399,233.6726
2022-08-05,2022,31,5,Friday,49,17,32,8,315,354.07835
2022-08-08,2022,32,1,Monday,39,9,30,4,411,317.71559
2022-08-09,2022,32,2,Tuesday,46,12,34,0,404,346.53869
2022-08-10,2022,32,3,Wednesday,36,7,29,0,314,187.88723
2022-08-11,2022,32,4,Thursday,38,10,29,1,283,289.41384999999997
2022-08-12,2022,32,5,Friday,44,15,29,4,426,244.50666999999999
2022-08-15,2022,33,1,Monday,26,3,23,1,323,286.24212
2022-08-16,2022,33,2,Tuesday,40,6,35,0,427,310.76473
2022-08-17,2022,33,3,Wednesday,44,6,38,0,365,414.08378
2022-08-18,2022,33,4,Thursday,51,20,31,7,394,451.48994
2022-08-19,2022,33,5,Friday,40,8,32,2,455,326.59267
2022-08-22,2022,34,1,Monday,48,10,38,3,420,560.978
2022-08-23,2022,34,2,Tuesday,42,6,36,6,462,463.0977
2022-08-24,2022,34,3,Wednesday,43,6,37,2,470,389.26974
2022-08-25,2022,34,4,Thursday,58,26,32,9,516,516.1585
2022-08-26,2022,34,5,Friday,64,26,38,15,669,720.90268
2022-08-29,2022,35,1,Monday,50,7,43,3,527,638.01854
2022-08-30,2022,35,2,Tuesday,49,12,38,1,504,383.61189
2022-08-31,2022,35,3,Wednesday,50,10,40,1,447,349.17134
2022-09-01,2022,35,4,Thursday,53,18,35,5,498,516.12425
2022-09-02,2022,35,5,Friday,51,15,36,8,621,575.88211
2022-09-05,2022,36,1,Monday,43,6,37,2,623,494.20936
2022-09-06,2022,36,2,Tuesday,52,11,42,1,631,562.4239699999999
2022-09-07,2022,36,3,Wednesday,44,8,37,3,547,451.11845
2022-09-08,2022,36,4,Thursday,51,12,39,5,450,482.78453
2022-09-09,2022,36,5,Friday,62,21,41,15,650,722.67463
2022-09-12,2022,37,1,Monday,43,8,35,4,532,465.92408
2022-09-13,2022,37,2,Tuesday,47,10,37,3,620,546.38596
2022-09-14,2022,37,3,Wednesday,53,12,41,1,563,532.90314
2022-09-15,2022,37,4,Thursday,59,20,40,6,551,519.94858
2022-09-16,2022,37,5,Friday,74,27,47,14,673,997.10351
2022-09-19,2022,38,1,Monday,52,7,45,2,508,602.16359
2022-09-20,2022,38,2,Tuesday,53,10,43,3,640,698.79839
2022-09-21,2022,38,3,Wednesday,58,11,47,4,580,677.07211
2022-09-22,2022,38,4,Thursday,56,18,39,5,564,635.74927
2022-09-23,2022,38,5,Friday,78,33,45,18,690,846.46352
2022-09-26,2022,39,1,Monday,48,7,42,2,533,683.15895
2022-09-27,2022,39,2,Tuesday,66,18,48,9,559,711.97374
2022-09-28,2022,39,3,Wednesday,24,1,23,0,343,313.9613
2022-09-29,2022,39,4,Thursday,70,28,43,20,587,936.08832
2022-09-30,2022,39,5,Friday,71,25,46,13,648,827.64643
2022-10-03,2022,40,1,Monday,64,12,52,0,700,793.02232
2022-10-04,2022,40,2,Tuesday,49,6,43,3,636,633.85842
2022-10-05,2022,40,3,Wednesday,54,9,46,0,472,575.47509
2022-10-06,2022,40,4,Thursday,62,18,44,4,570,608.02647
2022-10-07,2022,40,5,Friday,62,17,45,11,680,709.79864
2022-10-10,2022,41,1,Monday,55,9,46,3,576,610.49971
2022-10-11,2022,41,2,Tuesday,45,7,38,0,566,426.40483
2022-10-12,2022,41,3,Wednesday,53,18,35,1,486,467.81890999999996
2022-10-13,2022,41,4,Thursday,56,17,40,4,516,522.24777
2022-10-14,2022,41,5,Friday,73,28,45,16,712,798.38878
2022-10-17,2022,42,1,Monday,59,17,42,7,606,692.53208
2022-10-18,2022,42,2,Tuesday,49,9,41,1,588,591.86823
2022-10-19,2022,42,3,Wednesday,62,11,51,1,633,594.49901
2022-10-20,2022,42,4,Thursday,59,23,36,7,540,560.5868
2022-10-21,2022,42,5,Friday,67,19,48,4,661,623.72954
2022-10-24,2022,43,1,Monday,44,7,37,2,554,663.42518
2022-10-25,2022,43,2,Tuesday,65,16,49,7,591,927.44635
2022-10-26,2022,43,3,Wednesday,63,23,40,9,539,707.49479
2022-10-27,2022,43,4,Thursday,61,26,36,15,529,571.13266
2022-10-28,2022,43,5,Friday,26,0,26,0,380,270.36394
2022-10-31,2022,44,1,Monday,60,19,42,4,599,637.4254999999999
2022-11-01,2022,44,2,Tuesday,47,8,39,2,404,444.64637
2022-11-02,2022,44,3,Wednesday,54,11,43,2,539,601.68494
2022-11-03,2022,44,4,Thursday,52,16,36,4,407,567.74718
2022-11-04,2022,44,5,Friday,68,26,42,13,681,701.56792
2022-11-07,2022,45,1,Monday,55,17,38,5,557,630.52659
2022-11-08,2022,45,2,Tuesday,53,14,39,2,674,515.39608
2022-11-09,2022,45,3,Wednesday,60,18,42,3,562,540.4929
2022-11-10,2022,45,4,Thursday,51,13,38,2,497,474.98839
2022-11-11,2022,45,5,Friday,61,21,40,10,674,675.11448
2022-11-14,2022,46,1,Monday,56,12,45,5,584,651.10941
2022-11-15,2022,46,2,Tuesday,55,9,46,0,720,618.25024
2022-11-16,2022,46,3,Wednesday,61,13,48,3,568,591.70356
2022-11-17,2022,46,4,Thursday,23,0,23,0,395,191.40126
2022-11-18,2022,46,5,Friday,70,24,46,10,696,733.30687
2022-11-21,2022,47,1,Monday,57,10,47,3,505,691.69826
2022-11-22,2022,47,2,Tuesday,46,7,39,0,647,520.93639
2022-11-23,2022,47,3,Wednesday,57,11,47,5,558,646.70788
2022-11-24,2022,47,4,Thursday,62,20,43,9,514,724.03609
2022-11-25,2022,47,5,Friday,76,31,45,12,648,882.48349
2022-11-28,2022,48,1,Monday,47,7,40,2,547,527.10267
2022-11-29,2022,48,2,Tuesday,47,4,44,1,596,527.56228
2022-11-30,2022,48,3,Wednesday,61,18,43,2,522,506.61811
2022-12-01,2022,48,4,Thursday,50,13,38,1,540,470.59659999999997
2022-12-02,2022,48,5,Friday,62,15,47,9,588,679.71417
2022-12-05,2022,49,1,Monday,72,19,53,7,660,843.11898
2022-12-06,2022,49,2,Tuesday,59,15,45,2,593,572.0943
2022-12-07,2022,49,3,Wednesday,57,12,45,7,550,699.1745099999999
2022-12-08,2022,49,4,Thursday,66,17,49,8,574,735.17361
2022-12-09,2022,49,5,Friday,73,20,53,13,678,968.17137
2022-12-12,2022,50,1,Monday,70,9,62,2,603,946.54985
2022-12-13,2022,50,2,Tuesday,66,15,52,0,600,751.43285
2022-12-14,2022,50,3,Wednesday,71,17,54,8,624,819.48204
2022-12-15,2022,50,4,Thursday,47,8,39,3,431,425.32417
2022-12-16,2022,50,5,Friday,72,22,50,15,691,862.13814
2022-12-19,2022,51,1,Monday,50,10,40,0,404,492.67022
2022-12-20,2022,51,2,Tuesday,59,18,41,10,569,477.00825
2022-12-21,2022,51,3,Wednesday,40,13,27,2,316,229.26597
2022-12-22,2022,51,4,Thursday,36,21,16,6,267,325.47247
2022-12-23,2022,51,5,Friday,32,20,12,11,189,245.41335
2022-12-27,2022,52,2,Tuesday,22,8,14,4,174,232.06007
2022-12-28,2022,52,3,Wednesday,34,14,20,8,296,350.36027
2022-12-29,2022,52,4,Thursday,45,20,25,15,296,479.02875
2022-12-30,2022,52,5,Friday,25,13,12,3,200,248.04657
2023-01-02,2023,1,1,Monday,36,3,33,0,335,443.33488
2023-01-03,2023,1,2,Tuesday,43,5,38,0,434,531.1665399999999
2023-01-04,2023,1,3,Wednesday,49,7,42,2,423,546.4167
2023-01-05,2023,1,4,Thursday,40,10,31,1,338,421.26131
2023-01-06,2023,1,5,Friday,47,10,37,6,512,434.1597
2023-01-09,2023,2,1,Monday,44,7,37,1,422,435.43647
2023-01-10,2023,2,2,Tuesday,50,10,40,0,514,507.09643
2023-01-11,2023,2,3,Wednesday,50,12,38,3,474,438.85398
2023-01-12,2023,2,4,Thursday,46,10,36,1,500,432.25966999999997
2023-01-13,2023,2,5,Friday,65,20,45,12,607,696.96766
2023-01-16,2023,3,1,Monday,54,8,46,0,570,543.829
2023-01-17,2023,3,2,Tuesday,56,11,45,4,630,686.76966
2023-01-18,2023,3,3,Wednesday,58,11,48,4,590,573.0618
2023-01-19,2023,3,4,Thursday,64,19,45,6,521,583.38205
2023-01-20,2023,3,5,Friday,65,25,40,17,588,690.55517
2023-01-23,2023,4,1,Monday,50,8,42,2,518,441.29694
2023-01-24,2023,4,2,Tuesday,42,5,37,1,590,365.74266
2023-01-25,2023,4,3,Wednesday,55,13,42,7,631,580.75729
2023-01-26,2023,4,4,Thursday,57,21,37,13,576,679.45719
2023-01-27,2023,4,5,Friday,82,36,46,25,712,1034.00563
2023-01-30,2023,5,1,Monday,54,9,45,5,571,667.3476499999999
2023-01-31,2023,5,2,Tuesday,56,10,47,4,638,687.14865
2023-02-01,2023,5,3,Wednesday,53,11,42,8,542,605.62015
2023-02-02,2023,5,4,Thursday,66,30,37,19,594,771.06682
2023-02-03,2023,5,5,Friday,68,18,50,7,702,734.08142
2023-02-06,2023,6,1,Monday,66,20,46,7,702,789.61096
2023-02-07,2023,6,2,Tuesday,67,14,53,7,654,746.04918
2023-02-08,2023,6,3,Wednesday,63,14,49,3,578,692.01259
2023-02-09,2023,6,4,Thursday,44,12,32,5,600,384.7987
2023-02-10,2023,6,5,Friday,79,30,50,20,742,858.79737
2023-02-13,2023,7,1,Monday,59,15,44,6,553,689.0987700000001
2023-02-14,2023,7,2,Tuesday,48,7,41,3,603,546.56863
2023-02-15,2023,7,3,Wednesday,60,14,46,1,676,548.97567
2023-02-16,2023,7,4,Thursday,54,22,32,10,474,572.92384
2023-02-17,2023,7,5,Friday,72,30,43,16,674,735.37644
2023-02-20,2023,8,1,Monday,57,17,40,7,571,791.95856
2023-02-21,2023,8,2,Tuesday,56,14,42,8,640,733.59366
2023-02-22,2023,8,3,Wednesday,64,21,43,7,629,575.17843
2023-02-23,2023,8,4,Thursday,60,21,40,16,572,775.73533
2023-02-24,2023,8,5,Friday,90,40,50,23,784,1042.5758
2023-02-27,2023,9,1,Monday,49,5,44,1,639,529.8549
2023-02-28,2023,9,2,Tuesday,55,8,47,5,648,646.99751
2023-03-01,2023,9,3,Wednesday,63,18,46,4,662,634.11643
2023-03-02,2023,9,4,Thursday,61,11,50,3,561,595.95255
2023-03-03,2023,9,5,Friday,75,28,47,11,635,820.4907
2023-03-06,2023,10,1,Monday,67,13,54,6,619,899.24538
2023-03-07,2023,10,2,Tuesday,56,11,46,4,654,651.97245
2023-03-08,2023,10,3,Wednesday,63,14,49,5,666,710.15962
2023-03-09,2023,10,4,Thursday,56,20,36,3,531,547.74631
2023-03-10,2023,10,5,Friday,72,24,48,12,686,854.13598
2023-03-13,2023,11,1,Monday,61,16,45,8,541,867.70422
2023-03-14,2023,11,2,Tuesday,64,12,52,8,705,846.1508699999999
2023-03-15,2023,11,3,Wednesday,69,19,50,6,578,779.94052
2023-03-16,2023,11,4,Thursday,55,14,41,5,502,542.41159
2023-03-17,2023,11,5,Friday,83,29,54,13,679,944.90892
2023-03-20,2023,12,1,Monday,54,9,45,3,612,619.12843
2023-03-21,2023,12,2,Tuesday,69,27,42,20,735,978.20865
2023-03-22,2023,12,3,Wednesday,61,16,46,2,620,587.61369
2023-03-23,2023,12,4,Thursday,60,16,44,7,528,605.87175
2023-03-24,2023,12,5,Friday,57,14,43,5,650,550.00518
2023-03-27,2023,13,1,Monday,68,14,54,3,668,829.99948
2023-03-28,2023,13,2,Tuesday,61,12,49,5,642,740.18288
2023-03-29,2023,13,3,Wednesday,57,12,45,6,593,587.5957
2023-03-30,2023,13,4,Thursday,69,28,42,15,561,748.05107
2023-03-31,2023,13,5,Friday,68,27,41,15,620,933.19079
2023-04-03,2023,14,1,Monday,68,15,54,9,562,897.1076
2023-04-04,2023,14,2,Tuesday,49,7,42,2,507,450.90987
2023-04-05,2023,14,3,Wednesday,52,13,39,1,409,546.64299
2023-04-06,2023,14,4,Thursday,68,25,43,8,567,658.50386
2023-04-07,2023,14,5,Friday,14,0,14,0,259,218.94833
2023-04-11,2023,15,2,Tuesday,65,12,53,9,823,873.31181
2023-04-12,2023,15,3,Wednesday,71,6,66,2,715,836.053
2023-04-13,2023,15,4,Thursday,57,15,42,2,565,591.17633
2023-04-14,2023,15,5,Friday,87,33,54,20,779,1036.6809
2023-04-17,2023,16,1,Monday,60,15,45,3,724,750.27622
2023-04-18,2023,16,2,Tuesday,42,6,36,2,674,449.79188
2023-04-19,2023,16,3,Wednesday,66,18,48,11,673,725.18608
2023-04-20,2023,16,4,Thursday,61,21,41,7,661,617.2952
2023-04-21,2023,16,5,Friday,60,21,39,14,605,670.01161
2023-04-24,2023,17,1,Monday,55,8,47,6,524,701.03619
2023-04-25,2023,17,2,Tuesday,56,7,49,0,601,593.12981
2023-04-26,2023,17,3,Wednesday,55,10,46,1,542,491.29334
2023-04-27,2023,17,4,Thursday,53,12,42,2,616,521.6792
2023-04-28,2023,17,5,Friday,77,32,45,18,654,919.15579
2023-05-02,2023,18,2,Tuesday,55,14,41,11,489,820.85164
2023-05-03,2023,18,3,Wednesday,54,19,36,7,684,711.75381
2023-05-04,2023,18,4,Thursday,71,19,52,9,624,716.38411
2023-05-05,2023,18,5,Friday,71,25,46,9,626,769.79302
2023-05-08,2023,19,1,Monday,26,1,25,0,309,333.0201
2023-05-09,2023,19,2,Tuesday,73,13,60,5,796,850.56214
2023-05-10,2023,19,3,Wednesday,71,19,53,1,544,804.58057
2023-05-11,2023,19,4,Thursday,71,19,53,3,594,631.1187199999999
2023-05-12,2023,19,5,Friday,65,22,43,13,595,752.61547
2023-05-15,2023,20,1,Monday,56,7,49,3,688,703.31661
2023-05-16,2023,20,2,Tuesday,49,8,41,2,680,580.13729
2023-05-17,2023,20,3,Wednesday,51,7,44,0,580,507.72822
2023-05-18,2023,20,4,Thursday,70,23,47,6,584,618.40826
2023-05-19,2023,20,5,Friday,63,24,39,17,487,681.1079
2023-05-22,2023,21,1,Monday,44,5,39,1,461,487.41233
2023-05-23,2023,21,2,Tuesday,53,10,43,3,637,656.27644
2023-05-24,2023,21,3,Wednesday,54,12,42,1,520,467.59422
2023-05-25,2023,21,4,Thursday,61,14,47,2,665,549.85529
2023-05-26,2023,21,5,Friday,65,16,49,8,628,689.19742
2023-05-29,2023,22,1,Monday,54,9,45,2,578,685.23416
2023-05-30,2023,22,2,Tuesday,52,10,42,3,562,646.30668
2023-05-31,2023,22,3,Wednesday,52,17,36,4,497,551.58636
2023-06-01,2023,22,4,Thursday,61,18,43,5,550,512.74406
2023-06-02,2023,22,5,Friday,67,22,45,12,620,785.60671
2023-06-05,2023,23,1,Monday,51,7,44,6,499,624.59334
2023-06-06,2023,23,2,Tuesday,60,10,50,1,680,706.26325
2023-06-07,2023,23,3,Wednesday,55,14,41,3,558,563.7903
2023-06-08,2023,23,4,Thursday,61,20,41,2,561,412.26623
2023-06-09,2023,23,5,Friday,48,16,32,10,457,543.85019
2023-06-12,2023,24,1,Monday,68,14,54,4,611,820.41495
2023-06-13,2023,24,2,Tuesday,54,11,43,0,628,599.93759
2023-06-14,2023,24,3,Wednesday,46,7,40,2,611,525.67207
2023-06-15,2023,24,4,Thursday,56,11,45,3,589,482.74305
2023-06-16,2023,24,5,Friday,61,20,41,4,525,605.44218
2023-06-19,2023,25,1,Monday,70,23,47,14,598,848.56073
2023-06-20,2023,25,2,Tuesday,60,17,44,4,618,719.05466
2023-06-21,2023,25,3,Wednesday,53,11,42,2,522,630.87599
2023-06-22,2023,25,4,Thursday,68,13,55,4,781,746.40757
2023-06-23,2023,25,5,Friday,72,26,46,10,610,770.37978
2023-06-26,2023,26,1,Monday,70,16,54,11,618,838.16195
2023-06-27,2023,26,2,Tuesday,60,5,55,0,663,637.66245
2023-06-28,2023,26,3,Wednesday,48,5,44,0,568,651.40001
2023-06-29,2023,26,4,Thursday,66,18,48,6,568,714.74932
2023-06-30,2023,26,5,Friday,61,21,40,11,563,700.17186
2023-07-03,2023,27,1,Monday,70,22,49,16,621,934.34862
2023-07-04,2023,27,2,Tuesday,54,10,45,2,533,464.30899
2023-07-05,2023,27,3,Wednesday,23,0,23,0,311,201.64127
2023-07-06,2023,27,4,Thursday,27,2,25,0,396,284.75964
2023-07-07,2023,27,5,Friday,83,20,63,7,793,966.6561399999999
2023-07-10,2023,28,1,Monday,60,12,48,5,655,614.07839
2023-07-11,2023,28,2,Tuesday,55,14,41,2,552,524.0102899999999
2023-07-12,2023,28,3,Wednesday,50,12,38,5,510,510.20272
2023-07-13,2023,28,4,Thursday,64,23,41,6,521,547.72403
2023-07-14,2023,28,5,Friday,62,20,42,9,518,662.39354
2023-07-17,2023,29,1,Monday,63,19,44,16,574,775.7918999999999
2023-07-18,2023,29,2,Tuesday,42,7,35,5,454,603.99579
2023-07-19,2023,29,3,Wednesday,61,16,45,2,558,665.46957
2023-07-20,2023,29,4,Thursday,62,17,45,2,538,475.54878
2023-07-21,2023,29,5,Friday,58,22,36,7,513,594.21408
2023-07-24,2023,30,1,Monday,50,10,41,4,575,523.24345
2023-07-25,2023,30,2,Tuesday,56,13,43,7,499,558.14232
2023-07-26,2023,30,3,Wednesday,47,11,36,5,492,443.59977
2023-07-27,2023,30,4,Thursday,55,20,35,4,337,405.52053
2023-07-28,2023,30,5,Friday,71,27,44,17,549,801.87794
2023-07-31,2023,31,1,Monday,47,7,40,5,463,592.74219
2023-08-01,2023,31,2,Tuesday,45,7,38,1,439,494.02672
2023-08-02,2023,31,3,Wednesday,42,10,32,2,423,289.64328
2023-08-03,2023,31,4,Thursday,45,11,35,0,462,260.57042
2023-08-04,2023,31,5,Friday,61,23,38,17,444,639.81988
2023-08-07,2023,32,1,Monday,48,8,40,4,404,422.90657
2023-08-08,2023,32,2,Tuesday,45,9,36,1,448,462.87641
2023-08-09,2023,32,3,Wednesday,53,21,33,4,428,379.49782
2023-08-10,2023,32,4,Thursday,38,12,26,1,331,224.02483
2023-08-11,2023,32,5,Friday,46,12,34,4,435,464.90014
2023-08-14,2023,33,1,Monday,41,8,33,3,440,416.39101999999997
2023-08-15,2023,33,2,Tuesday,47,10,37,6,515,455.80092
2023-08-16,2023,33,3,Wednesday,39,10,29,2,396,331.78783
2023-08-17,2023,33,4,Thursday,42,10,32,3,464,357.36064999999996
2023-08-18,2023,33,5,Friday,47,12,35,6,483,539.43192
2023-08-21,2023,34,1,Monday,57,16,41,7,546,534.17592
2023-08-22,2023,34,2,Tuesday,43,5,38,0,550,393.42043
2023-08-23,2023,34,3,Wednesday,55,12,44,0,552,550.51378
2023-08-24,2023,34,4,Thursday,46,13,33,3,453,373.27173
2023-08-25,2023,34,5,Friday,59,25,34,12,459,656.77718
2023-08-28,2023,35,1,Monday,49,9,40,3,520,529.76991
2023-08-29,2023,35,2,Tuesday,53,14,39,6,585,697.2593899999999
2023-08-30,2023,35,3,Wednesday,60,12,48,3,563,690.51863
2023-08-31,2023,35,4,Thursday,53,10,43,2,542,522.29787
2023-09-01,2023,35,5,Friday,71,30,42,16,595,912.48974
2023-09-04,2023,36,1,Monday,54,10,44,4,548,600.1745
2023-09-05,2023,36,2,Tuesday,52,10,42,0,614,511.79733
2023-09-06,2023,36,3,Wednesday,55,13,42,2,573,564.3268
2023-09-07,2023,36,4,Thursday,57,11,46,5,704,649.51178
2023-09-08,2023,36,5,Friday,72,35,37,18,624,729.6913
2023-09-11,2023,37,1,Monday,57,15,42,3,600,621.43448
2023-09-12,2023,37,2,Tuesday,60,19,42,6,708,564.8979
2023-09-13,2023,37,3,Wednesday,61,16,45,6,607,622.67609
2023-09-14,2023,37,4,Thursday,60,19,41,6,541,559.33476
2023-09-15,2023,37,5,Friday,65,22,43,9,627,750.35651
2023-09-18,2023,38,1,Monday,50,10,40,2,675,591.47745
2023-09-19,2023,38,2,Tuesday,51,13,38,0,528,456.87853
2023-09-20,2023,38,3,Wednesday,62,12,51,2,690,645.18565
2023-09-21,2023,38,4,Thursday,66,15,51,3,609,658.3717
2023-09-22,2023,38,5,Friday,55,13,42,6,620,703.2198
2023-09-25,2023,39,1,Monday,78,21,57,13,676,906.1210599999999
2023-09-26,2023,39,2,Tuesday,50,7,43,2,607,573.42574
2023-09-27,2023,39,3,Wednesday,76,32,45,15,773,868.98788
2023-09-28,2023,39,4,Thursday,22,0,22,0,290,277.83991
2023-09-29,2023,39,5,Friday,85,31,54,16,822,1028.32387
2023-10-02,2023,40,1,Monday,47,0,47,0,557,670.80246
2023-10-03,2023,40,2,Tuesday,51,3,48,0,673,530.13347
2023-10-04,2023,40,3,Wednesday,74,31,43,13,736,748.44546
2023-10-05,2023,40,4,Thursday,65,17,48,5,685,677.47182
2023-10-06,2023,40,5,Friday,81,36,46,20,662,961.07203
2023-10-09,2023,41,1,Monday,67,17,50,3,701,714.57364
2023-10-10,2023,41,2,Tuesday,53,9,44,0,621,557.1404699999999
2023-10-11,2023,41,3,Wednesday,57,17,40,3,727,568.7146
2023-10-12,2023,41,4,Thursday,55,13,42,2,606,445.25455999999997
2023-10-13,2023,41,5,Friday,64,27,37,6,633,564.60383
2023-10-16,2023,42,1,Monday,52,11,41,8,673,705.94702
2023-10-17,2023,42,2,Tuesday,54,8,46,4,654,618.90604
2023-10-18,2023,42,3,Wednesday,63,18,46,5,735,719.5909
2023-10-19,2023,42,4,Thursday,71,25,46,10,656,679.7725800000001
2023-10-20,2023,42,5,Friday,59,21,38,12,653,623.37774
2023-10-23,2023,43,1,Monday,70,19,51,8,780,718.60802
2023-10-24,2023,43,2,Tuesday,48,8,40,2,585,399.22482
2023-10-25,2023,43,3,Wednesday,57,14,44,7,652,675.98092
2023-10-26,2023,43,4,Thursday,71,30,42,16,647,912.60409
2023-10-27,2023,43,5,Friday,77,31,46,19,700,802.8594899999999
2023-10-30,2023,44,1,Monday,57,4,53,1,661,725.77312
2023-10-31,2023,44,2,Tuesday,47,9,39,2,623,577.72528
2023-11-01,2023,44,3,Wednesday,58,16,43,5,568,660.27967
2023-11-02,2023,44,4,Thursday,57,11,46,6,622,598.22829
2023-11-03,2023,44,5,Friday,69,24,46,9,620,690.06645
2023-11-06,2023,45,1,Monday,63,12,51,3,626,845.27719
2023-11-07,2023,45,2,Tuesday,60,14,46,4,681,689.76354
2023-11-08,2023,45,3,Wednesday,55,16,39,3,594,505.97818
2023-11-09,2023,45,4,Thursday,65,20,45,9,658,734.2924399999999
2023-11-10,2023,45,5,Friday,68,21,47,12,658,775.92395
2023-11-13,2023,46,1,Monday,63,17,46,5,612,689.8071
2023-11-14,2023,46,2,Tuesday,62,14,48,1,578,693.3645
2023-11-15,2023,46,3,Wednesday,61,12,49,3,674,625.57768
2023-11-16,2023,46,4,Thursday,68,24,44,14,633,867.58298
2023-11-20,2023,47,1,Monday,59,12,48,3,721,630.3919
2023-11-21,2023,47,2,Tuesday,58,12,46,3,841,712.47862
2023-11-22,2023,47,3,Wednesday,70,17,54,9,690,770.30283
2023-11-23,2023,47,4,Thursday,64,21,44,7,639,704.12279
2023-11-24,2023,47,5,Friday,80,37,43,14,723,906.04374
2023-11-27,2023,48,1,Monday,54,5,49,0,624,663.93224
2023-11-28,2023,48,2,Tuesday,63,11,53,0,600,714.66421
2023-11-29,2023,48,3,Wednesday,50,7,44,1,602,534.52838
2023-11-30,2023,48,4,Thursday,59,22,37,10,576,653.51417
2023-12-01,2023,48,5,Friday,81,29,53,16,647,954.24797
2023-12-04,2023,49,1,Monday,60,7,53,1,680,655.43099
2023-12-05,2023,49,2,Tuesday,57,5,52,0,685,732.73083
2023-12-06,2023,49,3,Wednesday,60,17,43,7,584,604.16202
2023-12-07,2023,49,4,Thursday,65,20,45,2,713,589.26857
2023-12-08,2023,49,5,Friday,58,15,43,6,637,716.0684699999999
2023-12-11,2023,50,1,Monday,1,0,1,0,6,0.09244999999999999
2023-12-11,2023,50,1,Monday,48,7,41,2,605,516.4773
2023-12-12,2023,50,2,Tuesday,59,15,44,5,690,778.99398
2023-12-13,2023,50,3,Wednesday,58,18,40,3,641,622.69804
2023-12-14,2023,50,4,Thursday,66,9,57,0,603,717.33575
2023-12-15,2023,50,5,Friday,67,24,43,13,586,898.58591
2023-12-18,2023,51,1,Monday,76,27,50,16,648,977.38323
2023-12-19,2023,51,2,Tuesday,53,9,44,5,518,644.37224
2023-12-20,2023,51,3,Wednesday,1,0,1,0,1,1.05
2023-12-20,2023,51,3,Wednesday,62,31,32,15,400,647.16314
2023-12-21,2023,51,4,Thursday,41,21,20,3,257,242.85728
2023-12-22,2023,51,5,Friday,40,25,15,15,120,346.8212
2023-12-27,2023,52,3,Wednesday,34,14,20,9,461,259.32196
2023-12-28,2023,52,4,Thursday,42,30,12,19,218,530.29348
2023-12-29,2023,52,5,Friday,28,12,16,7,247,274.08386
2024-01-02,2024,1,2,Tuesday,57,7,50,0,642,660.73064
2024-01-03,2024,1,3,Wednesday,58,6,52,0,623,761.00386
2024-01-04,2024,1,4,Thursday,61,9,52,0,580,568.58365
2024-01-05,2024,1,5,Friday,49,11,38,2,537,519.1378599999999
2024-01-08,2024,2,1,Monday,57,13,45,0,553,689.71593
2024-01-09,2024,2,2,Tuesday,50,7,44,0,618,499.71395
2024-01-10,2024,2,3,Wednesday,53,10,43,3,579,522.41234
2024-01-11,2024,2,4,Thursday,51,10,41,2,551,449.91125
2024-01-12,2024,2,5,Friday,74,23,51,8,672,777.32649
2024-01-15,2024,3,1,Monday,53,16,37,3,625,452.97982
2024-01-16,2024,3,2,Tuesday,43,2,41,0,554,387.39895
2024-01-17,2024,3,3,Wednesday,55,13,42,2,595,443.85814999999997
2024-01-18,2024,3,4,Thursday,56,15,41,2,599,472.25669
2024-01-19,2024,3,5,Friday,63,22,41,5,628,628.03196
2024-01-22,2024,4,1,Monday,58,9,49,6,615,631.10065
2024-01-23,2024,4,2,Tuesday,69,20,49,2,647,807.96401
2024-01-24,2024,4,3,Wednesday,63,15,48,4,618,643.67508
2024-01-25,2024,4,4,Thursday,63,17,46,9,640,708.4271200000001
2024-01-26,2024,4,5,Friday,69,30,39,15,490,823.93213
2024-01-29,2024,5,1,Monday,64,17,48,1,711,657.1345
2024-01-30,2024,5,2,Tuesday,54,7,47,1,610,568.2773
2024-01-31,2024,5,3,Wednesday,56,13,43,8,626,581.65787
2024-02-01,2024,5,4,Thursday,57,12,45,5,573,588.14559
2024-02-02,2024,5,5,Friday,66,23,43,10,680,816.01929
2024-02-05,2024,6,1,Monday,66,17,50,7,644,732.83057
2024-02-06,2024,6,2,Tuesday,62,14,48,2,608,565.24315
2024-02-07,2024,6,3,Wednesday,56,15,41,7,686,714.81339
2024-02-08,2024,6,4,Thursday,61,14,47,3,654,550.90755
2024-02-09,2024,6,5,Friday,62,23,39,11,624,668.76786
2024-02-12,2024,7,1,Monday,61,13,48,1,725,553.11952
2024-02-13,2024,7,2,Tuesday,61,8,53,3,631,662.40086
2024-02-14,2024,7,3,Wednesday,62,19,43,6,666,664.16381
2024-02-15,2024,7,4,Thursday,73,21,52,7,616,675.00808
2024-02-16,2024,7,5,Friday,68,21,47,14,687,936.76216
2024-02-19,2024,8,1,Monday,59,10,49,1,624,563.09438
2024-02-20,2024,8,2,Tuesday,60,15,45,2,624,643.02145
2024-02-21,2024,8,3,Wednesday,64,23,41,7,669,578.56607
2024-02-22,2024,8,4,Thursday,72,23,49,9,665,723.21885
2024-02-23,2024,8,5,Friday,88,45,43,36,697,1193.02774
2024-02-26,2024,9,1,Monday,55,7,48,0,625,688.38181
2024-02-27,2024,9,2,Tuesday,59,13,46,2,649,670.01751
2024-02-28,2024,9,3,Wednesday,54,13,41,3,607,567.49134
2024-02-29,2024,9,4,Thursday,63,16,47,4,641,626.73151
2024-03-01,2024,9,5,Friday,85,31,54,17,579,1098.02764
2024-03-04,2024,10,1,Monday,51,9,42,1,540,570.59882
2024-03-05,2024,10,2,Tuesday,63,14,49,0,616,614.19511
2024-03-06,2024,10,3,Wednesday,58,14,44,5,689,636.4170799999999
2024-03-07,2024,10,4,Thursday,55,13,42,4,596,564.12341
2024-03-08,2024,10,5,Friday,60,17,44,4,598,686.85477
2024-03-11,2024,11,1,Monday,73,24,50,12,702,911.8173899999999
2024-03-12,2024,11,2,Tuesday,57,13,44,5,700,660.83666
2024-03-13,2024,11,3,Wednesday,58,14,44,3,669,614.22939
2024-03-14,2024,11,4,Thursday,53,15,39,3,633,519.96975
2024-03-15,2024,11,5,Friday,75,27,48,10,699,849.37119
2024-03-18,2024,12,1,Monday,62,14,49,4,705,686.86366
2024-03-19,2024,12,2,Tuesday,65,15,50,0,648,735.02485
2024-03-20,2024,12,3,Wednesday,61,17,45,6,679,776.1199
2024-03-21,2024,12,4,Thursday,71,21,50,8,599,770.17897
2024-03-22,2024,12,5,Friday,77,28,49,14,661,922.81427
2024-03-25,2024,13,1,Monday,71,20,51,7,626,930.23621
2024-03-26,2024,13,2,Tuesday,54,12,42,5,557,660.61094
2024-03-27,2024,13,3,Wednesday,62,15,47,6,577,746.61343
2024-03-28,2024,13,4,Thursday,88,52,36,28,534,964.9951599999999
2024-03-29,2024,13,5,Friday,23,1,22,0,310,338.05349
2024-04-02,2024,14,2,Tuesday,72,9,63,3,664,822.60428
2024-04-03,2024,14,3,Wednesday,69,24,45,6,723,743.66603
2024-04-04,2024,14,4,Thursday,63,16,47,1,687,577.73613
2024-04-05,2024,14,5,Friday,54,13,41,6,722,664.57818
2024-04-08,2024,15,1,Monday,49,11,38,4,688,493.55329
2024-04-09,2024,15,2,Tuesday,64,13,52,2,712,656.79463
2024-04-10,2024,15,3,Wednesday,68,17,51,4,713,745.62483
2024-04-11,2024,15,4,Thursday,58,11,47,2,612,481.0328
2024-04-12,2024,15,5,Friday,63,20,43,10,596,704.21735
2024-04-15,2024,16,1,Monday,54,14,40,7,499,551.12117
2024-04-16,2024,16,2,Tuesday,56,14,42,3,654,515.09858
2024-04-17,2024,16,3,Wednesday,62,15,47,5,728,668.22788
2024-04-18,2024,16,4,Thursday,57,13,45,3,600,532.14812
2024-04-19,2024,16,5,Friday,63,25,38,16,600,722.61956
2024-04-22,2024,17,1,Monday,62,18,44,14,611,747.36081
2024-04-23,2024,17,2,Tuesday,59,18,41,8,634,679.61681
2024-04-24,2024,17,3,Wednesday,78,26,52,12,610,869.43966
2024-04-25,2024,17,4,Thursday,82,35,47,19,598,856.19447
2024-04-26,2024,17,5,Friday,86,42,45,25,680,1032.31327
2024-04-29,2024,18,1,Monday,53,10,43,0,583,526.44096
2024-04-30,2024,18,2,Tuesday,47,9,38,1,525,473.65913
2024-05-02,2024,18,4,Thursday,50,12,39,0,541,528.65337
2024-05-03,2024,18,5,Friday,86,42,44,19,720,1061.50286
2024-05-06,2024,19,1,Monday,63,14,49,6,612,742.87902
2024-05-07,2024,19,2,Tuesday,52,12,40,2,584,555.21742
2024-05-08,2024,19,3,Wednesday,24,1,23,0,298,222.23311
2024-05-09,2024,19,4,Thursday,79,25,54,7,698,819.24006
2024-05-10,2024,19,5,Friday,75,32,43,11,489,780.10208
2024-05-13,2024,20,1,Monday,59,13,46,4,514,614.87835
2024-05-14,2024,20,2,Tuesday,62,14,48,1,561,587.6459
2024-05-15,2024,20,3,Wednesday,66,22,44,6,546,632.45354
2024-05-16,2024,20,4,Thursday,64,20,44,10,537,660.78648
2024-05-17,2024,20,5,Friday,66,32,34,13,502,817.68384
2024-05-20,2024,21,1,Monday,75,21,54,6,631,707.87364
2024-05-21,2024,21,2,Tuesday,63,27,36,11,500,828.033
2024-05-22,2024,21,3,Wednesday,60,17,43,8,620,641.79946
2024-05-23,2024,21,4,Thursday,75,33,43,18,613,902.15263
2024-05-24,2024,21,5,Friday,74,24,50,15,727,838.91698
2024-05-27,2024,22,1,Monday,39,7,32,3,327,436.2652
2024-05-28,2024,22,2,Tuesday,66,5,61,2,878,658.32561
2024-05-29,2024,22,3,Wednesday,59,9,50,1,665,610.4893
2024-05-30,2024,22,4,Thursday,63,20,43,7,451,610.52876
2024-05-31,2024,22,5,Friday,63,20,43,7,655,696.35425
2024-06-03,2024,23,1,Monday,54,13,41,8,532,606.27871
2024-06-04,2024,23,2,Tuesday,52,8,44,5,562,647.49463
2024-06-05,2024,23,3,Wednesday,64,23,42,4,611,598.17646
2024-06-06,2024,23,4,Thursday,72,20,52,7,527,701.52736
2024-06-07,2024,23,5,Friday,68,23,45,9,673,804.15606
2024-06-10,2024,24,1,Monday,56,10,46,2,586,539.98689
2024-06-11,2024,24,2,Tuesday,47,8,39,2,631,469.90119
2024-06-12,2024,24,3,Wednesday,75,29,46,14,650,765.57503
2024-06-13,2024,24,4,Thursday,69,25,44,14,509,781.00803
2024-06-14,2024,24,5,Friday,71,28,43,15,634,812.51597
2024-06-17,2024,25,1,Monday,69,15,55,3,688,804.88645
2024-06-18,2024,25,2,Tuesday,54,6,48,2,584,532.55988
2024-06-19,2024,25,3,Wednesday,55,8,47,0,583,608.99632
2024-06-20,2024,25,4,Thursday,55,13,42,6,612,657.78216
2024-06-21,2024,25,5,Friday,77,29,48,13,531,883.6609
2024-06-24,2024,26,1,Monday,58,9,50,5,514,809.97541
2024-06-25,2024,26,2,Tuesday,73,18,55,1,689,858.02019
2024-06-26,2024,26,3,Wednesday,77,21,57,5,657,891.9054
2024-06-27,2024,26,4,Thursday,80,30,50,11,595,890.64259
2024-06-28,2024,26,5,Friday,86,39,47,26,631,969.65655
2024-07-01,2024,27,1,Monday,69,12,57,2,587,713.42043
2024-07-02,2024,27,2,Tuesday,50,7,43,1,541,476.37122999999997
2024-07-03,2024,27,3,Wednesday,56,14,42,2,530,495.31927
2024-07-04,2024,27,4,Thursday,66,20,47,7,702,611.95671
2024-07-05,2024,27,5,Friday,22,0,22,0,338,290.20307
2024-07-08,2024,28,1,Monday,76,15,61,5,714,798.43094
2024-07-09,2024,28,2,Tuesday,64,16,48,7,533,662.77382
2024-07-10,2024,28,3,Wednesday,55,15,40,5,577,563.3192799999999
2024-07-11,2024,28,4,Thursday,61,14,48,3,560,562.08859
2024-07-12,2024,28,5,Friday,61,21,40,8,633,559.90924
2024-07-15,2024,29,1,Monday,53,9,44,4,698,558.50543
2024-07-16,2024,29,2,Tuesday,53,6,47,1,509,520.63932
2024-07-17,2024,29,3,Wednesday,59,14,45,2,513,493.80456
2024-07-18,2024,29,4,Thursday,60,22,38,10,507,611.33689
2024-07-19,2024,29,5,Friday,26,18,8,12,107,379.30527
2024-07-22,2024,30,1,Monday,49,10,39,3,524,499.20065
2024-07-23,2024,30,2,Tuesday,59,14,45,1,613,473.50508
2024-07-24,2024,30,3,Wednesday,66,19,47,4,589,698.12945
2024-07-25,2024,30,4,Thursday,61,22,39,8,615,584.92401
2024-07-26,2024,30,5,Friday,66,27,39,11,491,643.36984
2024-07-29,2024,31,1,Monday,41,9,32,2,442,311.2616
2024-07-30,2024,31,2,Tuesday,51,13,38,3,412,430.80113
2024-07-31,2024,31,3,Wednesday,54,13,41,4,396,488.36925
2024-08-01,2024,31,4,Thursday,45,11,34,5,409,385.91608
2024-08-02,2024,31,5,Friday,53,19,34,6,533,432.10695
2024-08-05,2024,32,1,Monday,52,13,39,5,472,456.84372
2024-08-06,2024,32,2,Tuesday,54,13,41,3,451,509.20839
2024-08-07,2024,32,3,Wednesday,55,10,45,3,512,489.50359
2024-08-08,2024,32,4,Thursday,45,15,30,0,311,314.7151
2024-08-09,2024,32,5,Friday,58,22,36,10,515,563.55293
2024-08-12,2024,33,1,Monday,47,13,34,8,361,517.88604
2024-08-13,2024,33,2,Tuesday,48,9,39,4,542,443.35507
2024-08-14,2024,33,3,Wednesday,39,6,33,1,402,301.49454
2024-08-15,2024,33,4,Thursday,51,19,32,4,376,419.34293
2024-08-16,2024,33,5,Friday,51,25,26,13,444,513.04659
2024-08-19,2024,34,1,Monday,49,9,40,2,415,476.16769
2024-08-20,2024,34,2,Tuesday,43,7,36,1,512,374.62523
2024-08-21,2024,34,3,Wednesday,51,15,37,6,548,489.57397
2024-08-22,2024,34,4,Thursday,52,17,36,3,406,366.91098999999997
2024-08-23,2024,34,5,Friday,55,19,36,3,627,547.77342
2024-08-26,2024,35,1,Monday,53,6,47,0,499,471.24027
2024-08-27,2024,35,2,Tuesday,40,5,35,0,486,332.29027
2024-08-28,2024,35,3,Wednesday,50,10,40,1,644,510.37476
2024-08-29,2024,35,4,Thursday,58,16,42,6,507,551.06589
2024-08-30,2024,35,5,Friday,57,15,43,6,529,583.54396
2024-09-02,2024,36,1,Monday,54,11,43,2,631,711.85666
2024-09-03,2024,36,2,Tuesday,45,9,36,7,497,596.52814
2024-09-04,2024,36,3,Wednesday,56,17,39,3,548,572.23495
2024-09-05,2024,36,4,Thursday,62,9,53,3,761,633.36716
2024-09-06,2024,36,5,Friday,71,28,44,10,715,732.28034
2024-09-09,2024,37,1,Monday,59,15,44,8,566,699.77609
2024-09-10,2024,37,2,Tuesday,57,18,39,4,551,602.8850199999999
2024-09-11,2024,37,3,Wednesday,64,12,52,3,593,670.9175299999999
2024-09-12,2024,37,4,Thursday,44,8,37,1,464,337.82068
2024-09-13,2024,37,5,Friday,54,20,34,6,655,610.5975
2024-09-16,2024,38,1,Monday,53,13,40,5,570,606.89145
2024-09-17,2024,38,2,Tuesday,53,12,41,5,657,730.49188
2024-09-18,2024,38,3,Wednesday,69,21,48,6,618,718.04783
2024-09-19,2024,38,4,Thursday,57,15,42,3,523,504.38752999999997
2024-09-20,2024,38,5,Friday,82,37,46,16,623,917.86736
2024-09-23,2024,39,1,Monday,71,14,57,6,719,940.72054
2024-09-24,2024,39,2,Tuesday,63,15,49,2,572,690.96683
2024-09-25,2024,39,3,Wednesday,70,15,55,6,628,855.10505
2024-09-26,2024,39,4,Thursday,79,31,48,21,577,968.84274
2024-09-27,2024,39,5,Friday,62,22,40,8,648,757.43657
2024-09-30,2024,40,1,Monday,47,8,40,0,556,509.16492999999997
2024-10-01,2024,40,2,Tuesday,49,4,45,0,578,477.87344
2024-10-02,2024,40,3,Wednesday,53,11,42,3,613,465.1124
2024-10-03,2024,40,4,Thursday,61,16,45,0,648,651.98018
2024-10-04,2024,40,5,Friday,63,22,42,5,632,621.13115
2024-10-07,2024,41,1,Monday,65,13,52,6,665,737.5276
2024-10-08,2024,41,2,Tuesday,52,6,46,0,593,414.79611
2024-10-09,2024,41,3,Wednesday,62,11,52,3,692,607.67909
2024-10-10,2024,41,4,Thursday,47,14,33,5,650,464.52788
2024-10-11,2024,41,5,Friday,82,34,48,17,845,821.75096
2024-10-14,2024,42,1,Monday,68,14,54,3,726,783.04781
2024-10-15,2024,42,2,Tuesday,57,11,46,6,610,669.74899
2024-10-16,2024,42,3,Wednesday,64,16,48,5,729,572.61342
2024-10-17,2024,42,4,Thursday,66,17,49,5,592,687.97171
2024-10-18,2024,42,5,Friday,59,17,42,9,567,667.75983
2024-10-21,2024,43,1,Monday,62,16,46,10,617,741.10889
2024-10-22,2024,43,2,Tuesday,51,13,38,3,584,560.39279
2024-10-23,2024,43,3,Wednesday,68,27,41,8,648,674.89563
2024-10-24,2024,43,4,Thursday,66,25,41,2,517,697.72321
2024-10-25,2024,43,5,Friday,64,21,43,8,616,618.66648
2024-10-28,2024,44,1,Monday,27,1,26,0,397,332.79625
2024-10-29,2024,44,2,Tuesday,65,7,58,0,699,720.80439
2024-10-30,2024,44,3,Wednesday,43,7,36,0,553,353.54352
2024-10-31,2024,44,4,Thursday,51,11,41,0,538,531.62657
2024-11-01,2024,44,5,Friday,44,10,34,1,584,520.34291
2024-11-04,2024,45,1,Monday,54,9,45,5,562,629.1501499999999
2024-11-05,2024,45,2,Tuesday,51,12,39,6,556,660.25794
2024-11-06,2024,45,3,Wednesday,67,26,41,4,462,533.5
2024-11-07,2024,45,4,Thursday,53,13,40,2,584,521.165
2024-11-08,2024,45,5,Friday,56,15,41,2,643,544.70992
2024-11-11,2024,46,1,Monday,51,10,41,3,634,618.64537
2024-11-12,2024,46,2,Tuesday,62,10,52,5,570,720.13444
2024-11-13,2024,46,3,Wednesday,76,15,61,2,704,792.09672
2024-11-14,2024,46,4,Thursday,56,20,36,6,614,477.87412
2024-11-15,2024,46,5,Friday,56,20,36,12,545,620.9452
2024-11-18,2024,47,1,Monday,61,13,48,3,566,635.56803
2024-11-19,2024,47,2,Tuesday,59,15,44,10,600,684.57066
2024-11-20,2024,47,3,Wednesday,69,24,45,6,788,678.78885
2024-11-21,2024,47,4,Thursday,68,23,46,9,654,735.83577
2024-11-22,2024,47,5,Friday,65,28,37,10,620,685.41918
2024-11-25,2024,48,1,Monday,50,4,47,0,551,581.0471
2024-11-25,2024,48,1,Monday,1,0,1,0,1,0.0041600000000000005
2024-11-26,2024,48,2,Tuesday,60,12,48,2,707,625.12992
2024-11-27,2024,48,3,Wednesday,64,16,50,7,621,736.82604
2024-11-28,2024,48,4,Thursday,70,16,54,9,696,804.27174
2024-11-29,2024,48,5,Friday,60,14,47,8,649,743.10764
2024-12-02,2024,49,1,Monday,62,9,54,1,676,713.40525
2024-12-03,2024,49,2,Tuesday,47,8,39,1,637,470.40505
2024-12-04,2024,49,3,Wednesday,68,17,51,4,611,758.03337
2024-12-05,2024,49,4,Thursday,64,15,49,4,694,754.15072
2024-12-06,2024,49,5,Friday,61,20,42,6,542,654.43094
2024-12-09,2024,50,1,Monday,58,16,42,2,609,682.19188
2024-12-10,2024,50,2,Tuesday,58,15,43,4,580,661.58311
2024-12-11,2024,50,3,Wednesday,76,13,63,3,684,856.49681
2024-12-12,2024,50,4,Thursday,65,13,52,2,557,607.1819399999999
2024-12-13,2024,50,5,Friday,60,18,42,3,624,534.48969
2024-12-16,2024,51,1,Monday,55,8,47,2,625,605.7126499999999
2024-12-17,2024,51,2,Tuesday,63,13,51,2,607,601.71906
2024-12-18,2024,51,3,Wednesday,2,0,2,0,5,6.5161999999999995
2024-12-18,2024,51,3,Wednesday,55,21,34,6,452,579.62313
2024-12-19,2024,51,4,Thursday,35,12,24,5,237,265.79866
2024-12-20,2024,51,5,Friday,33,23,10,10,142,290.88358999999997
2024-12-23,2024,52,1,Monday,17,15,2,3,41,124.05561
2024-12-27,2024,52,5,Friday,27,26,1,11,34,311.35232
2024-12-30,2025,1,1,Monday,27,25,2,10,78,293.20155
2025-01-02,2025,1,4,Thursday,26,6,20,0,609,225.648
2025-01-03,2025,1,5,Friday,61,11,50,1,753,797.3294099999999
2025-01-06,2025,2,1,Monday,56,15,42,0,361,688.00399
2025-01-07,2025,2,2,Tuesday,62,10,52,1,602,863.64051
2025-01-08,2025,2,3,Wednesday,56,15,41,7,463,516.76082
2025-01-09,2025,2,4,Thursday,62,10,52,0,502,683.58802
2025-01-10,2025,2,5,Friday,53,11,42,4,451,511.55588
2025-01-13,2025,3,1,Monday,49,9,40,2,572,627.89433
2025-01-14,2025,3,2,Tuesday,44,11,33,1,520,403.30057
2025-01-15,2025,3,3,Wednesday,55,7,48,2,644,561.15435
2025-01-16,2025,3,4,Thursday,52,14,38,7,566,528.74234
2025-01-17,2025,3,5,Friday,63,20,43,5,597,669.4681
2025-01-20,2025,4,1,Monday,50,8,42,1,575,474.98996999999997
2025-01-21,2025,4,2,Tuesday,62,13,50,2,633,711.49986
2025-01-22,2025,4,3,Wednesday,52,11,41,2,588,498.66198
2025-01-23,2025,4,4,Thursday,64,11,53,5,747,567.97148
2025-01-24,2025,4,5,Friday,70,30,40,14,631,723.06012
2025-01-27,2025,5,1,Monday,65,18,47,8,603,649.61123
2025-01-28,2025,5,2,Tuesday,57,11,46,6,687,586.1434399999999
2025-01-29,2025,5,3,Wednesday,71,16,55,5,770,783.90274
2025-01-30,2025,5,4,Thursday,57,8,49,4,731,555.0881899999999
2025-01-31,2025,5,5,Friday,70,27,43,20,602,874.18016
2025-02-03,2025,6,1,Monday,75,19,56,7,733,855.5116899999999
2025-02-04,2025,6,2,Tuesday,53,17,36,4,536,587.30361
2025-02-05,2025,6,3,Wednesday,88,18,70,3,836,748.1923899999999
2025-02-06,2025,6,4,Thursday,61,12,49,6,560,635.6781100000001
2025-02-07,2025,6,5,Friday,65,17,48,7,547,694.82637
2025-02-10,2025,7,1,Monday,56,15,41,5,649,524.74554
2025-02-11,2025,7,2,Tuesday,54,10,44,1,592,412.45591
2025-02-12,2025,7,3,Wednesday,62,13,50,0,676,668.0186
2025-02-13,2025,7,4,Thursday,69,21,48,10,651,714.78539
2025-02-14,2025,7,5,Friday,73,28,45,13,572,813.2159
2025-02-17,2025,8,1,Monday,54,12,42,3,536,605.55397
2025-02-18,2025,8,2,Tuesday,65,25,40,9,580,661.0408
2025-02-19,2025,8,3,Wednesday,67,15,52,6,633,707.4202
2025-02-20,2025,8,4,Thursday,72,18,54,9,573,762.49077
2025-02-21,2025,8,5,Friday,80,27,53,13,674,925.41572
2025-02-24,2025,9,1,Monday,54,10,44,0,659,537.91343
2025-02-25,2025,9,2,Tuesday,62,8,54,5,653,618.12714
2025-02-26,2025,9,3,Wednesday,57,13,44,7,661,683.22104
2025-02-27,2025,9,4,Thursday,81,30,51,16,643,959.36289
2025-02-28,2025,9,5,Friday,85,41,44,25,585,1050.0227399999999
2025-03-03,2025,10,1,Monday,70,13,57,2,633,772.08853
2025-03-04,2025,10,2,Tuesday,54,9,45,0,619,565.13474
2025-03-05,2025,10,3,Wednesday,56,13,44,4,523,568.75507
2025-03-06,2025,10,4,Thursday,84,27,57,16,648,887.42594
2025-03-07,2025,10,5,Friday,60,15,45,9,641,720.22984
2025-03-10,2025,11,1,Monday,64,6,58,1,663,656.96377
2025-03-11,2025,11,2,Tuesday,67,21,47,8,700,737.72974
2025-03-12,2025,11,3,Wednesday,63,19,44,8,590,652.10405
2025-03-13,2025,11,4,Thursday,64,20,44,7,719,666.19415
2025-03-14,2025,11,5,Friday,72,26,46,14,667,815.65134
2025-03-17,2025,12,1,Monday,73,20,53,8,711,756.60459
2025-03-18,2025,12,2,Tuesday,54,9,45,3,771,570.14251
2025-03-19,2025,12,3,Wednesday,66,18,48,4,692,606.7318
2025-03-20,2025,12,4,Thursday,74,28,46,15,644,822.24564
2025-03-21,2025,12,5,Friday,71,30,41,18,640,826.2502
2025-03-24,2025,13,1,Monday,63,18,45,10,711,765.4823
2025-03-25,2025,13,2,Tuesday,62,13,50,2,766,596.32178
2025-03-26,2025,13,3,Wednesday,67,15,52,8,766,848.37272
2025-03-27,2025,13,4,Thursday,83,27,57,16,654,824.23811
2025-03-28,2025,13,5,Friday,72,27,45,15,680,814.2377
2025-03-31,2025,14,1,Monday,59,8,51,5,659,710.91708
2025-04-01,2025,14,2,Tuesday,62,14,48,5,704,759.65166
2025-04-02,2025,14,3,Wednesday,68,15,53,4,611,844.24572
2025-04-03,2025,14,4,Thursday,77,23,55,15,630,910.57589
2025-04-04,2025,14,5,Friday,84,32,52,16,675,1003.90125
2025-04-07,2025,15,1,Monday,67,8,59,3,695,778.22379
2025-04-08,2025,15,2,Tuesday,56,11,46,2,699,712.11574
2025-04-09,2025,15,3,Wednesday,58,8,50,2,636,708.65797
2025-04-10,2025,15,4,Thursday,64,16,48,5,572,567.93145
2025-04-11,2025,15,5,Friday,68,18,51,7,700,811.39995
2025-04-14,2025,16,1,Monday,69,15,54,7,680,815.60154
2025-04-15,2025,16,2,Tuesday,62,13,49,4,637,634.17488
2025-04-16,2025,16,3,Wednesday,63,21,43,5,512,582.20403
2025-04-17,2025,16,4,Thursday,76,35,42,15,539,775.15297
2025-04-18,2025,16,5,Friday,9,1,8,1,188,156.38262
2025-04-22,2025,17,2,Tuesday,67,11,56,1,822,886.70653
2025-04-23,2025,17,3,Wednesday,51,10,42,2,839,530.42555
2025-04-24,2025,17,4,Thursday,65,14,51,5,653,656.19566
2025-04-25,2025,17,5,Friday,71,21,50,13,644,822.08072
2025-04-28,2025,18,1,Monday,64,15,50,8,635,812.09601
2025-04-29,2025,18,2,Tuesday,69,18,52,7,705,818.06446
2025-04-30,2025,18,3,Wednesday,67,21,47,10,653,700.71679
2025-05-02,2025,18,5,Friday,73,34,39,16,524,940.89851
2025-05-05,2025,19,1,Monday,63,14,49,4,755,662.08114
2025-05-06,2025,19,2,Tuesday,59,11,49,3,623,528.19084
2025-05-07,2025,19,3,Wednesday,61,13,48,6,612,616.99915
2025-05-08,2025,19,4,Thursday,31,0,31,0,487,291.86656
2025-05-09,2025,19,5,Friday,76,29,48,13,802,908.14232
2025-05-12,2025,20,1,Monday,71,27,44,14,696,776.52815
2025-05-13,2025,20,2,Tuesday,71,19,52,9,765,809.02626
2025-05-14,2025,20,3,Wednesday,58,17,41,0,607,467.23388
2025-05-15,2025,20,4,Thursday,62,14,49,9,680,647.52746
2025-05-16,2025,20,5,Friday,86,31,55,16,741,990.72381
2025-05-19,2025,21,1,Monday,72,10,63,5,663,888.85606
2025-05-20,2025,21,2,Tuesday,68,15,54,3,702,737.20938
2025-05-21,2025,21,3,Wednesday,67,13,55,1,728,647.25624
2025-05-22,2025,21,4,Thursday,66,21,45,5,630,612.84521
2025-05-23,2025,21,5,Friday,69,23,46,13,685,673.63372
2025-05-26,2025,22,1,Monday,66,10,56,4,659,717.75418
2025-05-27,2025,22,2,Tuesday,50,10,40,6,619,546.67172
2025-05-28,2025,22,3,Wednesday,66,23,44,5,680,649.48547
2025-05-29,2025,22,4,Thursday,75,27,48,10,547,670.1505
2025-05-30,2025,22,5,Friday,79,31,48,18,627,910.72435
2025-06-02,2025,23,1,Monday,52,10,42,2,542,559.94323
2025-06-03,2025,23,2,Tuesday,66,16,51,6,615,752.82677
2025-06-04,2025,23,3,Wednesday,46,13,34,5,632,509.61413999999996
2025-06-05,2025,23,4,Thursday,74,28,46,15,673,770.23025
2025-06-06,2025,23,5,Friday,73,27,46,17,686,933.96745
2025-06-09,2025,24,1,Monday,63,12,52,5,539,607.05437
2025-06-10,2025,24,2,Tuesday,65,15,51,3,623,628.58824
2025-06-11,2025,24,3,Wednesday,60,21,39,5,632,536.31215
2025-06-12,2025,24,4,Thursday,69,26,43,17,645,874.21512
2025-06-13,2025,24,5,Friday,78,30,48,20,637,962.60005
2025-06-16,2025,25,1,Monday,67,22,45,15,644,861.11193
2025-06-17,2025,25,2,Tuesday,61,18,43,5,662,592.92885
2025-06-18,2025,25,3,Wednesday,51,7,44,1,636,441.14006
2025-06-19,2025,25,4,Thursday,65,18,47,7,597,556.80941
2025-06-20,2025,25,5,Friday,61,26,35,12,585,679.2966299999999
2025-06-23,2025,26,1,Monday,64,13,51,6,643,710.15156
2025-06-24,2025,26,2,Tuesday,51,10,41,1,591,545.89999
2025-06-25,2025,26,3,Wednesday,62,9,53,3,673,597.9094
2025-06-26,2025,26,4,Thursday,76,24,52,9,579,754.95209
2025-06-27,2025,26,5,Friday,95,32,63,20,778,1071.45129
2025-06-30,2025,27,1,Monday,64,15,49,8,569,628.648
2025-07-01,2025,27,2,Tuesday,51,5,47,0,616,588.38342
2025-07-02,2025,27,3,Wednesday,85,19,66,4,706,827.54513
2025-07-03,2025,27,4,Thursday,61,13,48,1,602,562.49978
2025-07-04,2025,27,5,Friday,67,19,48,10,717,781.99949
2025-07-07,2025,28,1,Monday,64,18,47,10,602,794.81078
2025-07-08,2025,28,2,Tuesday,67,14,54,5,714,818.04067
2025-07-09,2025,28,3,Wednesday,54,17,38,1,544,388.07859
2025-07-10,2025,28,4,Thursday,62,16,46,7,596,629.5836
2025-07-11,2025,28,5,Friday,67,22,45,10,667,735.08014
2025-07-14,2025,29,1,Monday,70,16,54,5,629,723.6242100000001
2025-07-15,2025,29,2,Tuesday,49,7,42,3,563,456.7849
2025-07-16,2025,29,3,Wednesday,60,15,45,4,637,598.85027
2025-07-17,2025,29,4,Thursday,58,16,42,6,624,506.56175
2025-07-18,2025,29,5,Friday,50,16,34,10,556,454.75865
2025-07-21,2025,30,1,Monday,59,18,41,2,565,578.04577
2025-07-22,2025,30,2,Tuesday,59,18,41,9,554,521.01076
2025-07-23,2025,30,3,Wednesday,53,13,40,5,479,489.94234
2025-07-24,2025,30,4,Thursday,51,12,39,5,455,401.57872
2025-07-25,2025,30,5,Friday,60,20,40,8,479,661.53279
2025-07-28,2025,31,1,Monday,41,8,33,1,440,327.16889
2025-07-29,2025,31,2,Tuesday,47,7,40,2,473,467.75489999999996
2025-07-30,2025,31,3,Wednesday,62,18,44,2,473,499.14676
2025-07-31,2025,31,4,Thursday,54,14,40,6,515,465.44909
2025-08-01,2025,31,5,Friday,57,23,35,8,539,513.45997
2025-08-04,2025,32,1,Monday,42,6,36,2,440,407.40274
2025-08-05,2025,32,2,Tuesday,49,8,41,3,610,412.26449
2025-08-06,2025,32,3,Wednesday,44,11,33,1,445,330.30986
2025-08-07,2025,32,4,Thursday,47,10,37,2,525,320.13608999999997
2025-08-08,2025,32,5,Friday,51,16,35,7,476,495.1091
2025-08-11,2025,33,1,Monday,49,3,46,1,502,525.05451
2025-08-12,2025,33,2,Tuesday,56,8,48,0,544,460.62555000000003
2025-08-13,2025,33,3,Wednesday,51,13,38,1,512,437.73324
2025-08-14,2025,33,4,Thursday,58,13,45,0,620,438.35379
2025-08-15,2025,33,5,Friday,45,13,32,5,461,326.57818
2025-08-18,2025,34,1,Monday,63,17,46,5,522,574.38696
2025-08-19,2025,34,2,Tuesday,52,15,38,1,503,475.80262
2025-08-20,2025,34,3,Wednesday,71,25,47,9,610,701.33586
2025-08-21,2025,34,4,Thursday,65,20,45,10,564,593.85589
2025-08-22,2025,34,5,Friday,75,38,38,16,552,719.38509
2025-08-25,2025,35,1,Monday,55,16,40,8,545,569.55507
2025-08-26,2025,35,2,Tuesday,58,16,42,6,550,619.64522
2025-08-27,2025,35,3,Wednesday,62,20,42,2,559,490.2177
2025-08-28,2025,35,4,Thursday,74,32,42,19,590,820.13331
2025-08-29,2025,35,5,Friday,75,35,40,28,549,889.12978
2025-09-01,2025,36,1,Monday,55,13,42,3,488,537.06257
2025-09-02,2025,36,2,Tuesday,60,8,53,0,775,608.15954
2025-09-03,2025,36,3,Wednesday,52,12,40,1,622,465.08742
2025-09-04,2025,36,4,Thursday,68,17,51,3,632,606.09191
2025-09-05,2025,36,5,Friday,62,13,49,3,715,695.28955
2025-09-08,2025,37,1,Monday,51,11,40,2,612,508.30091
2025-09-09,2025,37,2,Tuesday,59,9,50,4,677,560.97097
2025-09-10,2025,37,3,Wednesday,68,17,51,4,697,659.43853
2025-09-11,2025,37,4,Thursday,66,14,53,7,559,679.1898
2025-09-12,2025,37,5,Friday,62,14,48,7,693,659.24807
2025-09-15,2025,38,1,Monday,68,17,52,1,671,732.91785
2025-09-16,2025,38,2,Tuesday,54,17,38,4,625,499.32498
2025-09-17,2025,38,3,Wednesday,73,18,56,5,654,699.06916
2025-09-18,2025,38,4,Thursday,72,19,53,5,605,719.674
2025-09-19,2025,38,5,Friday,86,39,47,17,707,892.55398
2025-09-22,2025,39,1,Monday,57,11,46,2,611,600.3197
2025-09-23,2025,39,2,Tuesday,72,26,47,7,691,647.89507
2025-09-24,2025,39,3,Wednesday,60,9,52,1,658,529.55971
2025-09-25,2025,39,4,Thursday,66,19,48,6,648,573.74267
2025-09-26,2025,39,5,Friday,66,25,41,15,669,745.9610799999999
2025-09-29,2025,40,1,Monday,79,14,66,2,687,1003.75248
2025-09-30,2025,40,2,Tuesday,63,14,50,7,709,734.23094
2025-10-01,2025,40,3,Wednesday,65,12,53,3,696,562.82428
2025-10-02,2025,40,4,Thursday,84,30,55,9,628,770.95188
2025-10-03,2025,40,5,Friday,73,21,52,16,602,834.68884
2025-10-06,2025,41,1,Monday,59,14,45,2,666,524.7169299999999
2025-10-07,2025,41,2,Tuesday,70,15,55,2,598,582.44247
2025-10-08,2025,41,3,Wednesday,58,8,51,2,655,441.78115
2025-10-09,2025,41,4,Thursday,70,19,51,3,581,578.05583
2025-10-10,2025,41,5,Friday,67,24,43,9,638,812.26108
2025-10-13,2025,42,1,Monday,57,8,50,2,578,688.0759
2025-10-14,2025,42,2,Tuesday,58,17,41,6,616,691.34451
2025-10-15,2025,42,3,Wednesday,56,6,50,0,611,570.0263199999999
2025-10-16,2025,42,4,Thursday,78,31,47,6,600,798.8584999999999
2025-10-17,2025,42,5,Friday,71,30,41,10,667,785.24812
2025-10-20,2025,43,1,Monday,69,18,52,0,655,583.84644
2025-10-21,2025,43,2,Tuesday,58,11,48,4,665,486.74384
2025-10-22,2025,43,3,Wednesday,58,5,53,0,617,610.44833
2025-10-23,2025,43,4,Thursday,69,26,43,4,573,609.93637
2025-10-24,2025,43,5,Friday,78,33,45,9,697,872.69928
2025-10-27,2025,44,1,Monday,78,13,65,4,696,765.65057
2025-10-28,2025,44,2,Tuesday,33,1,32,0,416,358.76537
2025-10-29,2025,44,3,Wednesday,91,23,68,10,747,1063.65214
2025-10-30,2025,44,4,Thursday,86,30,57,6,703,700.04291
2025-10-31,2025,44,5,Friday,80,34,46,24,648,983.74343
2025-11-03,2025,45,1,Monday,64,11,53,0,652,686.10378
2025-11-04,2025,45,2,Tuesday,54,10,44,1,589,579.05473
2025-11-05,2025,45,3,Wednesday,69,13,56,1,634,669.29583
2025-11-06,2025,45,4,Thursday,81,25,57,5,606,731.54896
2025-11-07,2025,45,5,Friday,75,21,54,7,695,794.49274
2025-11-10,2025,46,1,Monday,79,19,60,7,694,882.25458
2025-11-11,2025,46,2,Tuesday,61,5,56,1,573,585.56753
2025-11-12,2025,46,3,Wednesday,74,15,59,5,645,728.34612
2025-11-13,2025,46,4,Thursday,61,21,40,3,502,493.70369
2025-11-14,2025,46,5,Friday,85,28,57,13,723,937.57908
2025-11-17,2025,47,1,Monday,32,2,30,0,445,324.13007
2025-11-18,2025,47,2,Tuesday,93,19,74,5,839,985.4659
2025-11-19,2025,47,3,Wednesday,58,14,44,1,588,472.05513
2025-11-20,2025,47,4,Thursday,75,23,52,5,638,722.92337
2025-11-21,2025,47,5,Friday,79,27,53,7,682,654.4418
2025-11-24,2025,48,1,Monday,62,8,54,0,642,681.95101
2025-11-25,2025,48,2,Tuesday,85,22,64,6,747,843.95636
2025-11-26,2025,48,3,Wednesday,67,11,56,2,644,675.32085
2025-11-27,2025,48,4,Thursday,95,39,56,11,706,804.32921
2025-11-28,2025,48,5,Friday,98,36,62,20,647,1039.76229
2025-12-01,2025,49,1,Monday,60,5,55,0,617,633.22436
2025-12-02,2025,49,2,Tuesday,81,8,73,0,670,861.42448
2025-12-03,2025,49,3,Wednesday,69,15,55,3,620,786.4968
2025-12-04,2025,49,4,Thursday,74,18,57,2,726,820.20761
2025-12-05,2025,49,5,Friday,65,17,49,3,685,683.12189
2025-12-08,2025,50,1,Monday,64,14,50,3,591,612.27204
2025-12-09,2025,50,2,Tuesday,67,15,53,3,616,808.6584
2025-12-10,2025,50,3,Wednesday,88,27,62,7,612,770.77104
2025-12-11,2025,50,4,Thursday,87,24,63,8,750,951.90444
2025-12-12,2025,50,5,Friday,81,26,55,13,653,1123.49029
2025-12-15,2025,51,1,Monday,70,17,53,0,613,637.25357
2025-12-16,2025,51,2,Tuesday,63,13,50,4,512,556.7352
2025-12-17,2025,51,3,Wednesday,74,20,54,3,556,577.37123
2025-12-18,2025,51,4,Thursday,1,0,1,0,1,0.0012
2025-12-18,2025,51,4,Thursday,59,20,39,2,330,454.28501
2025-12-19,2025,51,5,Friday,36,21,15,9,217,349.23238999999995
2025-12-19,2025,51,5,Friday,1,0,1,0,3,1.2016
2025-12-22,2025,52,1,Monday,38,31,7,9,89,445.58679
2025-12-23,2025,52,2,Tuesday,25,23,2,4,45,197.2507
2025-12-29,2026,1,1,Monday,21,18,3,8,85,246.28815
2025-12-30,2026,1,2,Tuesday,27,25,2,15,54,264.86612
2026-01-02,2026,1,5,Friday,34,5,29,3,617,344.20593
2026-01-05,2026,2,1,Monday,90,4,86,0,772,1003.78155
2026-01-06,2026,2,2,Tuesday,56,10,46,0,436,664.23206
2026-01-07,2026,2,3,Wednesday,51,11,40,1,508,419.78172
2026-01-08,2026,2,4,Thursday,65,17,49,4,496,563.7597
2026-01-09,2026,2,5,Friday,62,18,44,8,562,743.53331
2026-01-12,2026,3,1,Monday,63,8,55,3,592,764.60177
2026-01-13,2026,3,2,Tuesday,59,7,53,0,619,570.1848
2026-01-14,2026,3,3,Wednesday,53,10,43,0,484,489.77641
2026-01-15,2026,3,4,Thursday,61,10,51,2,603,529.70528
2026-01-16,2026,3,5,Friday,64,21,43,7,574,676.94082
2026-01-19,2026,4,1,Monday,75,18,57,8,637,820.47466
2026-01-20,2026,4,2,Tuesday,63,10,53,3,621,559.43087
2026-01-21,2026,4,3,Wednesday,60,15,46,2,580,554.30345
2026-01-22,2026,4,4,Thursday,72,18,54,6,721,722.68028
2026-01-23,2026,4,5,Friday,72,24,48,7,654,744.02968
2026-01-26,2026,5,1,Monday,66,14,53,4,673,674.05276
2026-01-27,2026,5,2,Tuesday,73,15,58,4,672,697.72312
2026-01-28,2026,5,3,Wednesday,81,32,49,14,630,966.77712
2026-01-29,2026,5,4,Thursday,81,22,59,6,714,818.47689
2026-01-30,2026,5,5,Friday,95,48,47,29,689,1188.06167
2026-02-02,2026,6,1,Monday,63,12,52,1,658,509.47445
2026-02-03,2026,6,2,Tuesday,58,8,50,0,574,529.5314099999999
2026-02-04,2026,6,3,Wednesday,61,13,48,2,535,543.6855
2026-02-05,2026,6,4,Thursday,67,20,47,6,681,654.05026
2026-02-06,2026,6,5,Friday,64,20,44,12,640,699.56083
2026-02-09,2026,7,1,Monday,66,15,51,1,686,671.91512
2026-02-10,2026,7,2,Tuesday,66,16,51,6,658,697.01544
2026-02-11,2026,7,3,Wednesday,66,13,53,3,640,561.40339
2026-02-12,2026,7,4,Thursday,70,19,51,6,652,645.27293
2026-02-13,2026,7,5,Friday,77,25,52,12,662,790.97905
2026-02-16,2026,8,1,Monday,71,22,49,14,640,877.79737
2026-02-17,2026,8,2,Tuesday,68,20,48,5,673,646.36859
2026-02-18,2026,8,3,Wednesday,73,20,54,5,634,688.29684
2026-02-19,2026,8,4,Thursday,72,20,52,4,723,659.50617
2026-02-20,2026,8,5,Friday,79,30,49,21,669,1011.95791
2026-02-23,2026,9,1,Monday,65,10,55,6,642,775.35029
2026-02-24,2026,9,2,Tuesday,60,11,49,2,709,638.82347
2026-02-25,2026,9,3,Wednesday,73,13,60,4,647,768.54378
2026-02-26,2026,9,4,Thursday,95,40,55,19,638,1028.53319
2026-02-27,2026,9,5,Friday,98,48,50,33,733,1353.21491
2026-03-02,2026,10,1,Monday,68,12,56,3,600,591.38805
2026-03-03,2026,10,2,Tuesday,57,9,48,4,663,542.05219
2026-03-04,2026,10,3,Wednesday,62,5,57,0,672,637.82213
2026-03-05,2026,10,4,Thursday,85,22,63,5,659,805.78036
2026-03-06,2026,10,5,Friday,69,20,49,9,646,763.67783
2026-03-09,2026,11,1,Monday,71,12,59,5,678,749.30628
2026-03-10,2026,11,2,Tuesday,75,15,60,4,699,806.39019
2026-03-11,2026,11,3,Wednesday,77,13,64,6,575,824.80843
2026-03-12,2026,11,4,Thursday,64,9,55,2,673,675.78558
2026-03-13,2026,11,5,Friday,81,20,61,13,705,1035.77138
2026-03-16,2026,12,1,Monday,78,17,61,7,715,914.03748
2026-03-17,2026,12,2,Tuesday,78,11,67,3,676,866.5929199999999
2026-03-18,2026,12,3,Wednesday,81,16,65,7,627,953.66653
2026-03-19,2026,12,4,Thursday,87,29,59,8,718,914.44187
2026-03-20,2026,12,5,Friday,77,16,61,9,773,879.66139
2026-03-23,2026,13,1,Monday,75,12,63,7,716,1012.88216
2026-03-24,2026,13,2,Tuesday,95,20,75,4,782,1119.01276
2026-03-25,2026,13,3,Wednesday,85,13,72,3,623,923.05241
2026-03-26,2026,13,4,Thursday,72,7,65,0,745,869.72013
2026-03-27,2026,13,5,Friday,77,23,54,13,666,891.61245
