date,iso_year,iso_week,iso_weekday,binhits,gross_tons,cartons_count,pallets_count,vydejky_unique
2022-01-02,2021,52,7,57,31.45688,9,46,0
2022-01-03,2022,1,1,2388,919.23006,406,1217,0
2022-01-04,2022,1,2,2911,1202.73809,239,1688,0
2022-01-05,2022,1,3,2230,806.22758,394,1184,0
2022-01-06,2022,1,4,1831,639.87094,332,1052,0
2022-01-07,2022,1,5,1610,485.87509,358,787,0
2022-01-08,2022,1,6,169,49.40724,8,134,0
2022-01-10,2022,2,1,2030,748.791,300,1030,0
2022-01-11,2022,2,2,1959,560.34603,441,935,0
2022-01-12,2022,2,3,1814,572.68133,433,827,0
2022-01-13,2022,2,4,2188,706.94089,417,1093,0
2022-01-14,2022,2,5,2243,733.17974,533,1007,0
2022-01-15,2022,2,6,299,88.83366,0,246,0
2022-01-17,2022,3,1,2606,957.59205,566,1269,0
2022-01-18,2022,3,2,2912,984.8049,401,1486,0
2022-01-19,2022,3,3,2647,1004.24048,463,1409,0
2022-01-20,2022,3,4,2765,1084.32872,402,1551,0
2022-01-21,2022,3,5,2678,1030.8787,474,1383,0
2022-01-22,2022,3,6,454,146.65866,20,299,0
2022-01-24,2022,4,1,2244,1038.9692,422,1300,0
2022-01-25,2022,4,2,2787,1048.41618,465,1540,0
2022-01-26,2022,4,3,2734,1025.1686,404,1480,0
2022-01-27,2022,4,4,2421,999.95464,406,1349,0
2022-01-28,2022,4,5,2809,1046.82819,539,1431,0
2022-01-29,2022,4,6,391,156.79261,18,303,0
2022-01-31,2022,5,1,2298,968.72608,371,1301,0
2022-02-01,2022,5,2,2767,932.38456,469,1367,0
2022-02-02,2022,5,3,2703,1010.95972,451,1435,0
2022-02-03,2022,5,4,2660,1044.27379,454,1426,0
2022-02-04,2022,5,5,2269,643.14029,567,948,0
2022-02-05,2022,5,6,298,195.22823,17,249,0
2022-02-07,2022,6,1,2851,1040.57662,453,1435,0
2022-02-08,2022,6,2,2756,968.63896,469,1436,0
2022-02-09,2022,6,3,2974,1187.30319,417,1779,0
2022-02-10,2022,6,4,2585,1001.87206,423,1390,0
2022-02-11,2022,6,5,2560,892.15013,469,1261,0
2022-02-12,2022,6,6,343,133.5124,6,277,0
2022-02-14,2022,7,1,2549,1065.08141,489,1385,0
2022-02-15,2022,7,2,2655,918.96344,417,1421,0
2022-02-16,2022,7,3,3094,1138.21363,404,1644,0
2022-02-17,2022,7,4,2769,997.60529,454,1526,0
2022-02-18,2022,7,5,2825,941.64477,496,1420,0
2022-02-19,2022,7,6,520,283.25306,12,414,0
2022-02-20,2022,7,7,33,28.375,0,24,0
2022-02-21,2022,8,1,2652,973.73511,517,1326,0
2022-02-22,2022,8,2,2508,910.98937,571,1231,0
2022-02-23,2022,8,3,2734,1067.31708,529,1430,0
2022-02-24,2022,8,4,2500,1022.31299,417,1377,0
2022-02-25,2022,8,5,2532,899.16935,522,1331,0
2022-02-26,2022,8,6,379,193.98436,10,326,0
2022-02-27,2022,8,7,347,254.64026,9,275,0
2022-02-28,2022,9,1,2551,895.82828,507,1168,0
2022-03-01,2022,9,2,2518,947.98247,487,1345,0
2022-03-02,2022,9,3,2938,1101.51715,486,1585,0
2022-03-03,2022,9,4,2469,1010.75007,450,1372,0
2022-03-04,2022,9,5,2582,1005.89168,542,1382,0
2022-03-05,2022,9,6,455,274.28515,16,407,0
2022-03-07,2022,10,1,2800,1165.38244,438,1456,0
2022-03-08,2022,10,2,2924,1204.82209,518,1666,0
2022-03-09,2022,10,3,2815,1049.46314,494,1475,0
2022-03-10,2022,10,4,2882,1156.67125,461,1578,0
2022-03-11,2022,10,5,2849,1220.04831,476,1609,0
2022-03-12,2022,10,6,470,220.64268,5,354,0
2022-03-13,2022,10,7,244,192.395,0,228,0
2022-03-14,2022,11,1,2185,847.33008,423,1203,0
2022-03-15,2022,11,2,2631,921.83273,515,1353,0
2022-03-16,2022,11,3,2736,1167.57305,414,1499,0
2022-03-17,2022,11,4,2733,1000.65331,511,1465,0
2022-03-18,2022,11,5,2956,1017.9344199999999,483,1514,0
2022-03-19,2022,11,6,452,284.57998,6,388,0
2022-03-20,2022,11,7,12,4.37556,0,12,0
2022-03-21,2022,12,1,2811,1163.44416,470,1479,0
2022-03-22,2022,12,2,3372,1304.82232,588,1759,0
2022-03-23,2022,12,3,3034,1301.28192,393,1851,0
2022-03-24,2022,12,4,2972,1161.26177,468,1642,0
2022-03-25,2022,12,5,3201,1198.64016,490,1654,0
2022-03-26,2022,12,6,462,245.05911,41,377,0
2022-03-27,2022,12,7,343,213.18111,17,297,0
2022-03-28,2022,13,1,3002,1535.11976,471,1694,0
2022-03-29,2022,13,2,2773,1324.33933,414,1664,0
2022-03-30,2022,13,3,3022,1329.1491,435,1759,0
2022-03-31,2022,13,4,2557,1049.5338,437,1500,0
2022-04-01,2022,13,5,2271,814.52983,404,1219,0
2022-04-02,2022,13,6,288,98.75117,2,208,0
2022-04-04,2022,14,1,2146,1023.49686,401,1266,0
2022-04-05,2022,14,2,2803,977.33884,484,1579,0
2022-04-06,2022,14,3,2457,779.22513,526,1247,0
2022-04-07,2022,14,4,2364,714.96814,549,1043,0
2022-04-08,2022,14,5,2448,731.54727,539,1125,0
2022-04-09,2022,14,6,165,64.01001,14,145,0
2022-04-11,2022,15,1,2222,1023.18256,350,1353,0
2022-04-12,2022,15,2,2387,954.83751,446,1291,0
2022-04-13,2022,15,3,2507,933.18038,450,1447,0
2022-04-14,2022,15,4,1693,702.55938,337,981,0
2022-04-15,2022,15,5,1661,667.21099,313,994,0
2022-04-16,2022,15,6,119,85.6798,1,115,0
2022-04-19,2022,16,2,2400,1187.08369,387,1542,0
2022-04-20,2022,16,3,2451,1042.37658,435,1466,0
2022-04-21,2022,16,4,2288,916.29536,443,1293,0
2022-04-22,2022,16,5,2451,989.37609,404,1440,0
2022-04-23,2022,16,6,347,192.19338,22,310,0
2022-04-25,2022,17,1,2375,1035.44218,377,1518,0
2022-04-26,2022,17,2,2573,971.39856,535,1368,0
2022-04-27,2022,17,3,2361,954.45585,384,1402,0
2022-04-28,2022,17,4,2385,903.93163,446,1278,0
2022-04-29,2022,17,5,1926,717.59868,444,1031,0
2022-04-30,2022,17,6,260,113.73481000000001,9,230,0
2022-05-01,2022,17,7,9,6.685,0,9,0
2022-05-02,2022,18,1,2135,803.81049,384,1355,0
2022-05-03,2022,18,2,1984,629.76282,394,1037,0
2022-05-04,2022,18,3,2046,719.95526,446,1079,0
2022-05-05,2022,18,4,2223,744.70381,394,1217,0
2022-05-06,2022,18,5,2503,856.82355,502,1288,0
2022-05-07,2022,18,6,557,195.95194,12,360,0
2022-05-09,2022,19,1,2095,825.39914,408,1222,0
2022-05-10,2022,19,2,2599,941.51586,432,1420,0
2022-05-11,2022,19,3,2077,807.22218,414,1226,0
2022-05-12,2022,19,4,2236,801.91484,476,1091,0
2022-05-13,2022,19,5,2447,826.2758,472,1306,0
2022-05-14,2022,19,6,305,128.51574,10,254,0
2022-05-15,2022,19,7,50,21.57656,0,47,0
2022-05-16,2022,20,1,2363,936.34761,395,1355,0
2022-05-17,2022,20,2,2244,707.77213,406,1243,0
2022-05-18,2022,20,3,2413,818.3808,464,1309,0
2022-05-19,2022,20,4,2594,933.69234,533,1406,0
2022-05-20,2022,20,5,2403,685.93003,513,1121,0
2022-05-21,2022,20,6,261,145.78997999999999,5,207,0
2022-05-22,2022,20,7,42,6.11466,0,40,0
2022-05-23,2022,21,1,2148,734.13555,485,1103,0
2022-05-24,2022,21,2,2235,611.81121,473,1140,0
2022-05-25,2022,21,3,2395,772.05819,418,1227,0
2022-05-26,2022,21,4,1857,647.80758,350,955,0
2022-05-27,2022,21,5,2005,779.71246,354,1129,0
2022-05-28,2022,21,6,6,3.024,0,6,0
2022-05-30,2022,22,1,1874,783.1007,308,1162,0
2022-05-31,2022,22,2,2013,594.59993,474,972,0
2022-06-01,2022,22,3,2041,681.74327,395,1084,0
2022-06-02,2022,22,4,1801,585.6076,352,1011,0
2022-06-03,2022,22,5,2137,644.54986,447,1048,0
2022-06-04,2022,22,6,125,47.30441,10,101,0
2022-06-06,2022,23,1,1804,804.20078,299,1123,0
2022-06-07,2022,23,2,2213,716.80836,393,1211,0
2022-06-08,2022,23,3,2690,913.29828,426,1493,0
2022-06-09,2022,23,4,2277,954.08664,353,1390,0
2022-06-10,2022,23,5,2237,663.93193,417,1175,0
2022-06-11,2022,23,6,140,29.32702,0,119,0
2022-06-13,2022,24,1,2120,868.63464,341,1087,0
2022-06-14,2022,24,2,2224,702.1508,488,1108,0
2022-06-15,2022,24,3,2266,886.01805,374,1276,0
2022-06-16,2022,24,4,1989,845.08891,372,1248,0
2022-06-17,2022,24,5,2298,820.78824,412,1252,0
2022-06-18,2022,24,6,454,229.06357,3,385,0
2022-06-19,2022,24,7,47,18.96579,0,38,0
2022-06-20,2022,25,1,1976,754.89313,392,1123,0
2022-06-21,2022,25,2,2504,764.85646,399,1158,0
2022-06-22,2022,25,3,2315,802.27741,397,1310,0
2022-06-23,2022,25,4,2128,802.76609,424,1203,0
2022-06-24,2022,25,5,1998,759.76064,431,1128,0
2022-06-25,2022,25,6,287,183.40718999999999,0,271,0
2022-06-26,2022,25,7,74,29.88289,0,69,0
2022-06-27,2022,26,1,1858,660.45122,359,984,0
2022-06-28,2022,26,2,2302,811.29956,435,1327,0
2022-06-29,2022,26,3,2101,772.23283,351,1215,0
2022-06-30,2022,26,4,2209,935.84612,421,1273,0
2022-07-01,2022,26,5,2152,794.76299,416,1225,0
2022-07-02,2022,26,6,287,122.48718,8,241,0
2022-07-04,2022,27,1,1516,331.07678,354,662,0
2022-07-05,2022,27,2,1710,581.38815,429,867,0
2022-07-06,2022,27,3,1757,608.47397,380,954,0
2022-07-07,2022,27,4,2279,922.42141,335,1378,0
2022-07-08,2022,27,5,2261,914.76577,484,1290,0
2022-07-09,2022,27,6,331,171.1477,1,288,0
2022-07-10,2022,27,7,54,11.57996,0,53,0
2022-07-11,2022,28,1,2143,957.87133,400,1285,0
2022-07-12,2022,28,2,2201,705.29206,471,1183,0
2022-07-13,2022,28,3,2305,863.47775,393,1321,0
2022-07-14,2022,28,4,2040,743.44657,371,1215,0
2022-07-15,2022,28,5,1733,535.59237,343,949,0
2022-07-16,2022,28,6,40,12.08791,0,32,0
2022-07-18,2022,29,1,1724,733.51988,393,995,0
2022-07-19,2022,29,2,1948,695.68524,338,1088,0
2022-07-20,2022,29,3,1999,758.6824,296,1239,0
2022-07-21,2022,29,4,1758,657.64887,308,1088,0
2022-07-22,2022,29,5,1472,551.3679,343,828,0
2022-07-23,2022,29,6,98,48.16734,0,92,0
2022-07-24,2022,29,7,42,12.49928,0,20,0
2022-07-25,2022,30,1,3364,1525.10728,292,1038,0
2022-07-26,2022,30,2,4184,1165.49746,449,1050,0
2022-07-27,2022,30,3,3382,1344.23146,294,1008,0
2022-07-28,2022,30,4,3102,1155.04428,363,774,0
2022-07-29,2022,30,5,3036,999.9912,338,796,0
2022-07-30,2022,30,6,94,50.2676,0,47,0
2022-08-01,2022,31,1,1068,222.96457,181,240,0
2022-08-02,2022,31,2,4204,1002.07796,475,829,0
2022-08-03,2022,31,3,4020,1256.35648,281,1269,0
2022-08-04,2022,31,4,3050,1054.31576,332,801,0
2022-08-05,2022,31,5,2671,697.57832,320,630,0
2022-08-06,2022,31,6,654,184.61334,4,255,0
2022-08-08,2022,32,1,2412,771.83616,309,622,0
2022-08-09,2022,32,2,2994,876.74895,375,762,0
2022-08-10,2022,32,3,2748,709.39878,319,674,0
2022-08-11,2022,32,4,3204,1018.4009,266,888,0
2022-08-12,2022,32,5,3108,898.30518,461,729,0
2022-08-13,2022,32,6,194,76.93236,1,83,0
2022-08-15,2022,33,1,2398,882.46598,252,719,0
2022-08-16,2022,33,2,3442,1004.33188,397,915,0
2022-08-17,2022,33,3,2910,1133.95192,304,864,0
2022-08-18,2022,33,4,3130,1170.69988,245,972,0
2022-08-19,2022,33,5,3796,1328.55948,431,952,0
2022-08-20,2022,33,6,290,107.31898,18,101,0
2022-08-22,2022,34,1,2905,1046.20106,356,806,0
2022-08-23,2022,34,2,3918,1158.57568,474,1020,0
2022-08-24,2022,34,3,3936,1309.42648,448,1055,0
2022-08-25,2022,34,4,4076,1322.48528,340,1064,0
2022-08-26,2022,34,5,3818,1339.49502,349,1062,0
2022-08-27,2022,34,6,634,593.30864,3,313,0
2022-08-29,2022,35,1,3524,1226.84126,296,920,0
2022-08-30,2022,35,2,4178,1208.61634,437,983,0
2022-08-31,2022,35,3,4606,1684.78844,370,1372,0
2022-09-01,2022,35,4,3530,1187.12898,403,895,0
2022-09-02,2022,35,5,4194,1320.9828,397,1001,0
2022-09-03,2022,35,6,510,150.51358,2,217,0
2022-09-04,2022,35,7,20,3.62186,0,10,0
2022-09-05,2022,36,1,4551,1450.40572,409,1182,0
2022-09-06,2022,36,2,5202,1913.15794,426,1412,0
2022-09-07,2022,36,3,4604,1607.595,458,1253,0
2022-09-08,2022,36,4,4090,1400.31126,444,1092,0
2022-09-09,2022,36,5,4436,1505.81376,451,1165,0
2022-09-10,2022,36,6,604,263.4477,5,263,0
2022-09-11,2022,36,7,72,16.28604,0,35,0
2022-09-12,2022,37,1,4102,1293.01722,399,1101,0
2022-09-13,2022,37,2,4876,1475.55796,497,1201,0
2022-09-14,2022,37,3,5486,2013.13988,481,1459,0
2022-09-15,2022,37,4,4788,1952.65474,414,1425,0
2022-09-16,2022,37,5,5296,2032.76054,526,1429,0
2022-09-17,2022,37,6,606,364.15082,0,277,0
2022-09-18,2022,37,7,162,95.24914,0,79,0
2022-09-19,2022,38,1,3992,1430.82732,410,1096,0
2022-09-20,2022,38,2,4994,1600.05976,506,1296,0
2022-09-21,2022,38,3,4822,1532.6131,424,1240,0
2022-09-22,2022,38,4,2333,1023.64653,376,1379,0
2022-09-23,2022,38,5,2551,794.51014,444,1313,0
2022-09-24,2022,38,6,547,342.9901,6,471,0
2022-09-25,2022,38,7,60,55.98504,0,60,0
2022-09-26,2022,39,1,2223,965.14761,352,1456,0
2022-09-27,2022,39,2,2185,761.30781,396,1181,0
2022-09-28,2022,39,3,2116,865.11509,386,1187,0
2022-09-29,2022,39,4,2646,1102.22319,382,1615,0
2022-09-30,2022,39,5,2513,824.15903,495,1275,0
2022-10-01,2022,39,6,376,249.4284,0,331,0
2022-10-02,2022,39,7,8,0.52384,0,8,0
2022-10-03,2022,40,1,2328,946.54849,347,1299,0
2022-10-04,2022,40,2,2510,815.44949,487,1241,0
2022-10-05,2022,40,3,2660,1042.48665,365,1543,0
2022-10-06,2022,40,4,2496,997.19136,402,1495,0
2022-10-07,2022,40,5,2361,774.01245,483,1163,0
2022-10-08,2022,40,6,142,127.89322,0,140,0
2022-10-10,2022,41,1,1894,586.99339,410,1014,0
2022-10-11,2022,41,2,2193,583.85204,500,981,0
2022-10-12,2022,41,3,2486,816.66332,384,1427,0
2022-10-13,2022,41,4,2310,843.5983,416,1238,0
2022-10-14,2022,41,5,2430,896.34001,472,1324,0
2022-10-15,2022,41,6,312,183.52902,4,237,0
2022-10-16,2022,41,7,50,16.5077,0,49,0
2022-10-17,2022,42,1,2210,697.59608,450,1122,0
2022-10-18,2022,42,2,2612,943.31937,457,1444,0
2022-10-19,2022,42,3,2605,964.23579,425,1432,0
2022-10-20,2022,42,4,2026,857.14243,380,1229,0
2022-10-21,2022,42,5,2640,874.47836,488,1344,0
2022-10-22,2022,42,6,315,190.9771,0,301,0
2022-10-23,2022,42,7,2,0.062,0,2,0
2022-10-24,2022,43,1,2335,908.32993,393,1210,0
2022-10-25,2022,43,2,2518,974.12397,472,1284,0
2022-10-26,2022,43,3,2415,838.43687,376,1277,0
2022-10-27,2022,43,4,2026,832.28533,417,1170,0
2022-10-28,2022,43,5,2024,574.85912,509,949,0
2022-10-29,2022,43,6,293,203.70314,0,285,0
2022-10-30,2022,43,7,53,43.01373,0,49,0
2022-10-31,2022,44,1,1778,676.82197,367,960,0
2022-11-01,2022,44,2,1769,546.79552,449,892,0
2022-11-02,2022,44,3,1940,721.68479,322,1186,0
2022-11-03,2022,44,4,2310,833.1203,419,1370,0
2022-11-04,2022,44,5,2530,824.75443,501,1314,0
2022-11-05,2022,44,6,178,77.50653,0,160,0
2022-11-07,2022,45,1,2109,610.72702,435,1032,0
2022-11-08,2022,45,2,2264,736.76896,469,1149,0
2022-11-09,2022,45,3,2549,856.13872,376,1505,0
2022-11-10,2022,45,4,2457,876.01077,409,1415,0
2022-11-11,2022,45,5,2485,866.43304,390,1313,0
2022-11-12,2022,45,6,395,220.48136,5,348,0
2022-11-13,2022,45,7,65,13.40762,0,51,0
2022-11-14,2022,46,1,2216,689.34782,399,1163,0
2022-11-15,2022,46,2,2551,775.58247,556,1301,0
2022-11-16,2022,46,3,2529,935.82024,435,1408,0
2022-11-17,2022,46,4,2280,768.69155,514,1208,0
2022-11-18,2022,46,5,2145,743.85773,447,1164,0
2022-11-19,2022,46,6,102,54.3376,0,95,0
2022-11-21,2022,47,1,1876,716.26019,342,1032,0
2022-11-22,2022,47,2,2647,883.37245,558,1278,0
2022-11-23,2022,47,3,2717,896.744298,422,1536,0
2022-11-24,2022,47,4,2245,952.640447,418,1329,0
2022-11-25,2022,47,5,2592,841.403227,585,1245,0
2022-11-26,2022,47,6,168,91.06429,0,154,0
2022-11-28,2022,48,1,1737,590.658078,352,924,0
2022-11-29,2022,48,2,2335,676.201742,521,1054,0
2022-11-30,2022,48,3,2266,705.903578,430,1201,0
2022-12-01,2022,48,4,2202,844.918102,414,1232,0
2022-12-02,2022,48,5,2718,1001.695457,531,1450,0
2022-12-03,2022,48,6,331,226.1437,0,298,0
2022-12-04,2022,48,7,14,14.069999999999999,0,13,0
2022-12-05,2022,49,1,2184,762.130938,390,1205,0
2022-12-06,2022,49,2,2223,749.044704,504,1164,0
2022-12-07,2022,49,3,2677,1016.015151,404,1568,0
2022-12-08,2022,49,4,2605,1162.633836,345,1680,0
2022-12-09,2022,49,5,2449,1115.728007,429,1477,0
2022-12-10,2022,49,6,401,357.82319,3,387,0
2022-12-11,2022,49,7,50,25.38865,3,42,0
2022-12-12,2022,50,1,2399,946.6475,383,1411,0
2022-12-13,2022,50,2,2770,1051.20037,453,1588,0
2022-12-14,2022,50,3,2595,941.48626,344,1498,0
2022-12-15,2022,50,4,2434,1025.51408,356,1487,0
2022-12-16,2022,50,5,2283,810.49184,421,1197,0
2022-12-17,2022,50,6,337,237.97788,3,308,0
2022-12-18,2022,50,7,46,32.7313,0,46,0
2022-12-19,2022,51,1,1723,652.47428,364,949,0
2022-12-20,2022,51,2,1962,543.45958,412,948,0
2022-12-21,2022,51,3,1769,559.59217,288,1028,0
2022-12-22,2022,51,4,866,241.57149,229,472,0
2022-12-23,2022,51,5,628,138.81535,266,278,0
2022-12-26,2022,52,1,151,134.24276,3,145,0
2022-12-27,2022,52,2,1044,358.32354,209,611,0
2022-12-28,2022,52,3,1573,435.96285,335,878,0
2022-12-29,2022,52,4,928,319.33185,174,568,0
2022-12-30,2022,52,5,782,334.65463,158,504,0
2023-01-01,2022,52,7,88,27.49567,20,33,31
2023-01-02,2023,1,1,1369,610.80314,157,667,311
2023-01-03,2023,1,2,1729,678.14845,248,619,423
2023-01-04,2023,1,3,1997,814.09677,290,789,429
2023-01-05,2023,1,4,2222,680.46201,334,768,470
2023-01-06,2023,1,5,1714,561.34179,298,522,436
2023-01-07,2023,1,6,112,66.91098,1,88,30
2023-01-09,2023,2,1,1618,685.65987,227,669,352
2023-01-10,2023,2,2,1967,599.53075,326,583,503
2023-01-11,2023,2,3,2353,810.66657,334,915,526
2023-01-12,2023,2,4,2019,686.86203,320,747,485
2023-01-13,2023,2,5,2349,743.88528,446,768,603
2023-01-14,2023,2,6,311,153.90599,0,122,48
2023-01-15,2023,2,7,24,10.90372,1,17,8
2023-01-16,2023,3,1,2160,776.63448,329,838,547
2023-01-17,2023,3,2,2768,1008.02448,448,925,648
2023-01-18,2023,3,3,2955,1026.20835,389,1048,587
2023-01-19,2023,3,4,2439,947.57441,302,899,531
2023-01-20,2023,3,5,2576,837.97923,401,863,549
2023-01-21,2023,3,6,248,183.54869,0,184,27
2023-01-23,2023,4,1,2119,580.36168,417,523,516
2023-01-24,2023,4,2,2437,746.51782,493,776,617
2023-01-25,2023,4,3,2609,911.25335,422,982,640
2023-01-26,2023,4,4,2683,1054.52707,427,1233,596
2023-01-27,2023,4,5,2480,833.38726,419,898,655
2023-01-28,2023,4,6,292,164.1989,0,208,49
2023-01-29,2023,4,7,16,3.21942,0,9,4
2023-01-30,2023,5,1,1853,637.9019499999999,376,699,510
2023-01-31,2023,5,2,2596,994.03439,379,894,602
2023-02-01,2023,5,3,2669,895.25006,402,898,615
2023-02-02,2023,5,4,2915,1107.2531,383,1149,582
2023-02-03,2023,5,5,3204,1320.76057,484,1368,705
2023-02-04,2023,5,6,386,225.13818,4,215,47
2023-02-05,2023,5,7,12,2.8025700000000002,0,8,5
2023-02-06,2023,6,1,2487,726.96565,468,780,655
2023-02-07,2023,6,2,2692,981.3823199999999,451,948,658
2023-02-08,2023,6,3,2881,959.05809,420,921,613
2023-02-09,2023,6,4,2683,977.37659,384,1023,609
2023-02-10,2023,6,5,2600,849.00752,494,920,693
2023-02-11,2023,6,6,369,175.1818,8,165,49
2023-02-12,2023,6,7,11,1.3252199999999998,0,3,3
2023-02-13,2023,7,1,2113,725.95748,356,796,544
2023-02-14,2023,7,2,2415,768.52886,489,759,625
2023-02-15,2023,7,3,2751,855.67211,412,863,665
2023-02-16,2023,7,4,2402,1020.95298,290,1018,514
2023-02-17,2023,7,5,2430,900.9571,429,988,586
2023-02-18,2023,7,6,378,166.90404,3,183,60
2023-02-19,2023,7,7,24,2.07416,0,7,7
2023-02-20,2023,8,1,2106,879.03647,398,945,568
2023-02-21,2023,8,2,2700,1020.49396,458,1042,691
2023-02-22,2023,8,3,2722,929.21782,408,917,586
2023-02-23,2023,8,4,2643,889.27808,442,1056,633
2023-02-24,2023,8,5,2684,872.10104,510,935,677
2023-02-25,2023,8,6,468,234.252,10,248,75
2023-02-26,2023,8,7,14,4.15025,0,9,8
2023-02-27,2023,9,1,2360,904.08574,384,1024,595
2023-02-28,2023,9,2,2749,858.13866,487,877,688
2023-03-01,2023,9,3,2397,821.56097,411,856,611
2023-03-02,2023,9,4,2829,1107.52688,467,1103,629
2023-03-03,2023,9,5,2676,1275.43079,414,1213,596
2023-03-04,2023,9,6,272,159.84696,7,171,48
2023-03-05,2023,9,7,23,21.290000000000003,0,22,1
2023-03-06,2023,10,1,2203,876.73666,329,864,575
2023-03-07,2023,10,2,2901,873.1604,564,875,712
2023-03-08,2023,10,3,2924,1060.61963,364,983,620
2023-03-09,2023,10,4,2745,1159.69181,382,1223,585
2023-03-10,2023,10,5,2820,1146.13642,431,1207,648
2023-03-11,2023,10,6,207,130.58835,1,136,37
2023-03-13,2023,11,1,2356,924.71467,342,1015,554
2023-03-14,2023,11,2,2519,829.28932,467,855,628
2023-03-15,2023,11,3,2806,1061.6664,325,1192,573
2023-03-16,2023,11,4,2770,1007.91866,355,1139,551
2023-03-17,2023,11,5,2657,1037.0284,418,1027,659
2023-03-18,2023,11,6,331,187.80245,5,216,49
2023-03-19,2023,11,7,4,0.008,1,0,1
2023-03-20,2023,12,1,2267,719.79771,371,789,591
2023-03-21,2023,12,2,2507,859.91274,519,930,720
2023-03-22,2023,12,3,2746,918.26237,353,883,593
2023-03-23,2023,12,4,2793,992.86444,360,1065,577
2023-03-24,2023,12,5,2587,1074.98,416,1060,658
2023-03-25,2023,12,6,97,56.32398,0,78,20
2023-03-27,2023,13,1,2247,861.05822,393,900,620
2023-03-28,2023,13,2,2564,968.14535,441,948,653
2023-03-29,2023,13,3,2467,934.89856,342,938,563
2023-03-30,2023,13,4,2498,979.67258,328,1048,574
2023-03-31,2023,13,5,2512,1062.1816,385,1018,604
2023-04-01,2023,13,6,239,98.2867,0,107,33
2023-04-03,2023,14,1,2235,873.47853,277,859,508
2023-04-04,2023,14,2,2527,916.2579,341,854,541
2023-04-05,2023,14,3,2191,860.29756,363,815,528
2023-04-06,2023,14,4,1728,566.5711,327,603,485
2023-04-07,2023,14,5,1786,807.57363,212,783,397
2023-04-08,2023,14,6,326,186.01497,27,157,62
2023-04-10,2023,15,1,31,2.21252,0,3,3
2023-04-11,2023,15,2,2178,837.12812,409,874,640
2023-04-12,2023,15,3,2869,1022.41066,433,1184,702
2023-04-13,2023,15,4,3048,1127.48042,472,1214,694
2023-04-15,2023,15,6,298,83.44523,1,175,37
2023-04-16,2023,15,7,61,23.94749,0,48,11
2023-04-17,2023,16,1,2364,732.97475,530,795,730
2023-04-18,2023,16,2,2777,1190.42807,446,1106,661
2023-04-19,2023,16,3,2708,916.99758,403,840,640
2023-04-20,2023,16,4,2995,1040.72234,424,1040,689
2023-04-21,2023,16,5,2264,883.6183,363,849,564
2023-04-22,2023,16,6,307,136.05243,0,151,31
2023-04-23,2023,16,7,22,6.4798800000000005,0,9,8
2023-04-24,2023,17,1,1919,638.95406,323,725,518
2023-04-25,2023,17,2,2544,914.60411,350,900,588
2023-04-26,2023,17,3,2432,904.8633,333,912,586
2023-04-27,2023,17,4,2400,942.4704,443,864,586
2023-04-28,2023,17,5,2190,1017.65654,316,1056,539
2023-04-29,2023,17,6,173,165.89,2,167,15
2023-05-01,2023,18,1,10,8.744,0,9,3
2023-05-02,2023,18,2,2305,833.20259,459,900,698
2023-05-03,2023,18,3,2704,797.41769,460,823,641
2023-05-04,2023,18,4,2658,1044.82698,368,1076,590
2023-05-05,2023,18,5,2097,822.71848,312,910,518
2023-05-06,2023,18,6,170,127.47621,11,116,22
2023-05-08,2023,19,1,2066,719.10765,371,701,524
2023-05-09,2023,19,2,2652,957.38468,378,1031,605
2023-05-10,2023,19,3,2582,1016.32583,398,1034,610
2023-05-11,2023,19,4,2635,963.59183,427,962,582
2023-05-12,2023,19,5,2369,779.93873,461,776,571
2023-05-13,2023,19,6,507,299.20966,5,259,69
2023-05-14,2023,19,7,28,25.544,0,28,2
2023-05-15,2023,20,1,2429,777.96183,399,776,613
2023-05-16,2023,20,2,2801,934.88264,507,959,752
2023-05-17,2023,20,3,2831,1107.4089,286,1154,573
2023-05-18,2023,20,4,2108,795.71334,290,836,567
2023-05-19,2023,20,5,1748,641.5792299999999,318,577,438
2023-05-20,2023,20,6,102,71.5669,2,84,21
2023-05-21,2023,20,7,2,0.2925,0,2,2
2023-05-22,2023,21,1,1652,665.38799,238,710,433
2023-05-23,2023,21,2,2632,929.39937,419,918,665
2023-05-24,2023,21,3,2299,760.57515,403,797,613
2023-05-25,2023,21,4,2296,738.75116,402,778,595
2023-05-26,2023,21,5,2365,883.24964,376,918,579
2023-05-27,2023,21,6,182,118.56428,0,140,26
2023-05-28,2023,21,7,25,14.97407,0,16,4
2023-05-29,2023,22,1,2492,705.31254,471,864,524
2023-05-30,2023,22,2,2672,933.68268,407,986,616
2023-05-31,2023,22,3,2402,803.40102,399,816,553
2023-06-01,2023,22,4,2334,898.44404,342,887,570
2023-06-02,2023,22,5,2176,930.64721,357,941,555
2023-06-03,2023,22,6,430,249.7715,2,253,51
2023-06-04,2023,22,7,21,8.03006,0,7,6
2023-06-05,2023,23,1,2183,819.60025,370,842,523
2023-06-06,2023,23,2,2448,890.42265,389,878,635
2023-06-07,2023,23,3,2509,905.11566,373,893,587
2023-06-08,2023,23,4,2620,1104.59847,389,1008,597
2023-06-09,2023,23,5,2261,905.9771,266,991,454
2023-06-10,2023,23,6,359,166.7689,2,165,35
2023-06-11,2023,23,7,87,13.9218,0,16,12
2023-06-12,2023,24,1,2240,930.71054,326,973,565
2023-06-13,2023,24,2,2192,834.52044,363,807,571
2023-06-14,2023,24,3,2656,834.30092,429,793,640
2023-06-15,2023,24,4,2414,914.70055,356,872,585
2023-06-16,2023,24,5,2321,844.70144,382,886,554
2023-06-17,2023,24,6,394,215.60845,1,230,50
2023-06-18,2023,24,7,49,4.23562,23,4,16
2023-06-19,2023,25,1,2327,975.98331,395,894,584
2023-06-20,2023,25,2,2674,928.1357,384,938,619
2023-06-21,2023,25,3,2546,909.27658,442,853,647
2023-06-22,2023,25,4,2634,1078.92282,439,1034,681
2023-06-23,2023,25,5,2237,877.73902,333,922,569
2023-06-24,2023,25,6,314,153.14117,11,127,36
2023-06-25,2023,25,7,33,12.60651,0,11,5
2023-06-26,2023,26,1,2129,818.7831199999999,362,865,598
2023-06-27,2023,26,2,2482,848.27387,430,881,635
2023-06-28,2023,26,3,2687,968.03433,388,989,595
2023-06-29,2023,26,4,2356,892.93705,372,941,561
2023-06-30,2023,26,5,2136,790.98894,339,864,546
2023-07-01,2023,26,6,197,96.57049,0,41,25
2023-07-02,2023,26,7,3,1.53054,0,2,2
2023-07-03,2023,27,1,1894,686.0424399999999,343,654,494
2023-07-04,2023,27,2,2274,768.30039,297,705,500
2023-07-05,2023,27,3,2454,878.91429,345,951,511
2023-07-06,2023,27,4,2178,874.4825,347,897,566
2023-07-07,2023,27,5,2115,710.95061,431,734,611
2023-07-08,2023,27,6,268,130.74434,0,137,63
2023-07-10,2023,28,1,1961,618.0695,378,652,526
2023-07-11,2023,28,2,2406,904.53443,351,862,540
2023-07-12,2023,28,3,2409,841.52553,349,818,554
2023-07-13,2023,28,4,2180,951.4293,306,944,519
2023-07-14,2023,28,5,2124,847.97883,301,860,510
2023-07-15,2023,28,6,291,196.065,4,207,36
2023-07-17,2023,29,1,1954,812.17669,307,754,509
2023-07-18,2023,29,2,2278,872.28544,336,818,510
2023-07-19,2023,29,3,2565,978.18423,357,906,536
2023-07-20,2023,29,4,2587,856.61511,413,738,594
2023-07-21,2023,29,5,1934,706.93129,327,728,479
2023-07-22,2023,29,6,82,35.70032,13,45,43
2023-07-24,2023,30,1,1802,613.4595,295,626,476
2023-07-25,2023,30,2,2194,648.39553,360,718,578
2023-07-26,2023,30,3,1993,706.09122,300,803,418
2023-07-27,2023,30,4,2107,895.08923,272,842,439
2023-07-28,2023,30,5,1710,627.82997,317,640,453
2023-07-29,2023,30,6,254,138.83771000000002,6,178,50
2023-07-31,2023,31,1,1366,466.86016,267,496,400
2023-08-01,2023,31,2,1879,573.22705,286,646,429
2023-08-02,2023,31,3,2103,584.22538,383,585,514
2023-08-03,2023,31,4,1841,691.20238,286,718,421
2023-08-04,2023,31,5,1608,496.88405,289,557,424
2023-08-05,2023,31,6,481,254.01942,10,262,48
2023-08-07,2023,32,1,1538,461.82379,271,444,381
2023-08-08,2023,32,2,1911,559.23419,305,568,461
2023-08-09,2023,32,3,1857,637.88741,284,656,422
2023-08-10,2023,32,4,2103,651.97273,257,585,380
2023-08-11,2023,32,5,1702,512.83023,360,529,493
2023-08-12,2023,32,6,189,76.04079,0,101,35
2023-08-14,2023,33,1,1356,526.11085,232,506,329
2023-08-15,2023,33,2,1895,550.87039,322,566,474
2023-08-16,2023,33,3,1810,543.66299,298,601,416
2023-08-17,2023,33,4,1707,530.89451,321,552,463
2023-08-18,2023,33,5,1693,592.23192,324,661,518
2023-08-19,2023,33,6,79,44.48762,0,49,23
2023-08-21,2023,34,1,1956,664.45484,339,599,515
2023-08-22,2023,34,2,2400,851.14769,373,872,609
2023-08-23,2023,34,3,2242,950.43747,283,903,461
2023-08-24,2023,34,4,1952,710.34649,315,666,471
2023-08-25,2023,34,5,1795,731.50985,279,783,466
2023-08-26,2023,34,6,185,123.54764,1,121,32
2023-08-28,2023,35,1,1701,559.66247,343,578,477
2023-08-29,2023,35,2,2381,885.42461,406,923,600
2023-08-30,2023,35,3,2164,743.04872,394,807,575
2023-08-31,2023,35,4,2683,1046.93579,371,1149,580
2023-09-01,2023,35,5,2310,869.77012,378,922,553
2023-09-02,2023,35,6,197,117.78054,1,153,42
2023-09-03,2023,35,7,38,37.238,0,32,4
2023-09-04,2023,36,1,2016,693.0545,351,695,542
2023-09-05,2023,36,2,2582,893.67987,428,867,662
2023-09-06,2023,36,3,2386,725.78187,411,776,599
2023-09-07,2023,36,4,2579,977.45243,422,1052,641
2023-09-08,2023,36,5,2143,646.00655,455,741,599
2023-09-09,2023,36,6,424,262.48324,4,295,97
2023-09-10,2023,36,7,66,31.69305,0,17,8
2023-09-11,2023,37,1,2382,920.83014,392,949,578
2023-09-12,2023,37,2,2673,746.58669,522,783,682
2023-09-13,2023,37,3,2251,820.82994,334,925,596
2023-09-14,2023,37,4,2590,947.09736,372,1033,619
2023-09-15,2023,37,5,2105,678.48258,420,753,577
2023-09-16,2023,37,6,338,171.08233,2,126,28
2023-09-17,2023,37,7,20,12.19655,0,15,5
2023-09-18,2023,38,1,2185,730.84845,361,767,607
2023-09-19,2023,38,2,2608,886.08291,358,971,596
2023-09-20,2023,38,3,2612,894.31005,412,929,660
2023-09-21,2023,38,4,2598,966.00682,386,987,597
2023-09-22,2023,38,5,2608,1038.82663,412,1056,626
2023-09-23,2023,38,6,360,181.15897999999999,0,170,56
2023-09-24,2023,38,7,30,10.19256,2,9,7
2023-09-25,2023,39,1,2309,1044.90253,412,1063,596
2023-09-26,2023,39,2,2528,851.3406,444,860,672
2023-09-27,2023,39,3,2620,916.66178,396,1056,670
2023-09-28,2023,39,4,2371,855.2891099999999,399,895,621
2023-09-29,2023,39,5,2239,974.63958,340,1025,602
2023-09-30,2023,39,6,197,58.03432,0,66,25
2023-10-02,2023,40,1,1947,735.12444,404,761,604
2023-10-03,2023,40,2,2759,849.67643,461,840,671
2023-10-04,2023,40,3,2805,932.42935,399,991,701
2023-10-05,2023,40,4,2814,1103.14174,438,1139,692
2023-10-06,2023,40,5,2301,897.02506,419,932,617
2023-10-07,2023,40,6,460,175.93288,0,158,59
2023-10-08,2023,40,7,20,3.60623,0,12,11
2023-10-09,2023,41,1,2384,915.83012,329,981,587
2023-10-10,2023,41,2,2677,788.35819,541,765,717
2023-10-11,2023,41,3,2899,920.62149,472,946,707
2023-10-12,2023,41,4,2304,814.10044,404,979,609
2023-10-13,2023,41,5,2154,769.29175,444,857,597
2023-10-14,2023,41,6,249,133.46873,1,149,36
2023-10-15,2023,41,7,17,5.2497,0,11,4
2023-10-16,2023,42,1,2403,827.68905,475,813,663
2023-10-17,2023,42,2,2688,953.57737,371,906,679
2023-10-18,2023,42,3,2777,955.4001499999999,463,963,700
2023-10-19,2023,42,4,3159,1036.28023,350,1177,655
2023-10-20,2023,42,5,2352,821.93887,482,807,652
2023-10-21,2023,42,6,390,216.97228,0,223,72
2023-10-22,2023,42,7,143,72.5048,0,105,12
2023-10-23,2023,43,1,2351,855.93906,430,867,639
2023-10-24,2023,43,2,2459,906.02698,425,956,645
2023-10-25,2023,43,3,2753,963.18888,479,984,681
2023-10-26,2023,43,4,2526,1004.64286,434,1038,612
2023-10-27,2023,43,5,2278,730.4520699999999,471,814,659
2023-10-28,2023,43,6,455,320.27001,2,359,78
2023-10-29,2023,43,7,34,7.2060900000000006,0,16,5
2023-10-30,2023,44,1,2357,888.35048,374,882,619
2023-10-31,2023,44,2,2580,881.05707,491,899,704
2023-11-01,2023,44,3,2539,796.41515,458,959,594
2023-11-02,2023,44,4,2234,871.89132,363,853,553
2023-11-03,2023,44,5,2168,855.45333,360,1027,570
2023-11-04,2023,44,6,259,76.76889,13,132,59
2023-11-06,2023,45,1,2079,737.19418,416,788,636
2023-11-07,2023,45,2,2454,865.77427,438,835,654
2023-11-08,2023,45,3,2671,772.38367,412,824,631
2023-11-09,2023,45,4,2398,803.65905,393,886,634
2023-11-10,2023,45,5,2590,997.6085,395,1050,629
2023-11-11,2023,45,6,386,205.14094,3,212,48
2023-11-12,2023,45,7,5,0.45018,0,4,4
2023-11-13,2023,46,1,2173,827.18983,387,868,546
2023-11-14,2023,46,2,2782,1062.09764,466,993,639
2023-11-15,2023,46,3,2616,790.46603,413,779,614
2023-11-16,2023,46,4,2439,917.64228,291,900,513
2023-11-17,2023,46,5,154,116.7375,8,116,22
2023-11-19,2023,46,7,55,16.57466,8,23,15
2023-11-20,2023,47,1,3000,869.70786,692,937,896
2023-11-21,2023,47,2,2995,1119.54368,403,1152,746
2023-11-22,2023,47,3,3092,1126.64702,424,1148,703
2023-11-23,2023,47,4,2642,1036.28819,458,1082,696
2023-11-24,2023,47,5,2373,894.2018,370,923,625
2023-11-25,2023,47,6,251,125.04982,7,111,37
2023-11-26,2023,47,7,17,1.8273,0,15,15
2023-11-27,2023,48,1,2146,831.66778,391,923,624
2023-11-28,2023,48,2,2645,820.62074,430,963,647
2023-11-29,2023,48,3,2698,947.17742,395,1005,636
2023-11-30,2023,48,4,2667,1136.93661,329,1192,614
2023-12-01,2023,48,5,2377,980.5319499999999,430,1051,671
2023-12-02,2023,48,6,304,78.32174,5,70,37
2023-12-03,2023,48,7,32,10.009599999999999,0,14,14
2023-12-04,2023,49,1,2238,920.32902,383,989,597
2023-12-05,2023,49,2,2634,1049.509313,406,1078,678
2023-12-06,2023,49,3,2921,1045.86803,420,908,657
2023-12-07,2023,49,4,2408,922.88765,456,947,672
2023-12-08,2023,49,5,2404,1070.85395,370,1177,595
2023-12-09,2023,49,6,217,136.82252,0,97,25
2023-12-11,2023,50,1,2000,684.86563,437,747,626
2023-12-12,2023,50,2,2651,1086.9917599999999,453,1119,655
2023-12-13,2023,50,3,2708,906.68802,425,980,675
2023-12-14,2023,50,4,2594,1153.0747,401,1220,611
2023-12-15,2023,50,5,2327,989.78717,435,1077,639
2023-12-16,2023,50,6,384,185.87031,0,237,33
2023-12-17,2023,50,7,17,12.63012,0,12,3
2023-12-18,2023,51,1,2101,975.23501,356,1003,551
2023-12-19,2023,51,2,2111,802.52705,349,786,486
2023-12-20,2023,51,3,2025,592.61641,340,585,425
2023-12-21,2023,51,4,1253,449.18715,178,449,269
2023-12-22,2023,51,5,713,245.79827,190,306,240
2023-12-26,2023,52,2,89,32.63576,11,16,15
2023-12-27,2023,52,3,1515,466.56892,336,518,433
2023-12-28,2023,52,4,1203,414.67465,132,490,233
2023-12-29,2023,52,5,968,353.7096,179,363,267
2024-01-01,2024,1,1,80,18.555,7,11,9
2024-01-02,2024,1,2,1746,744.121,283,707,484
2024-01-03,2024,1,3,2550,1034.43344,350,1140,632
2024-01-04,2024,1,4,2441,842.39102,343,807,542
2024-01-05,2024,1,5,2016,711.9251,375,714,561
2024-01-06,2024,1,6,49,30.50989,0,38,16
2024-01-08,2024,2,1,2085,791.85154,410,788,591
2024-01-09,2024,2,2,2333,813.33721,373,794,569
2024-01-10,2024,2,3,2270,678.68528,402,784,565
2024-01-11,2024,2,4,2439,797.2202,433,817,606
2024-01-12,2024,2,5,2335,917.01467,351,946,595
2024-01-13,2024,2,6,310,101.24467,1,83,58
2024-01-14,2024,2,7,16,2.14352,1,7,7
2024-01-15,2024,3,1,1887,594.87476,399,701,570
2024-01-16,2024,3,2,2412,860.543195,374,886,596
2024-01-17,2024,3,3,2479,756.27642,380,820,589
2024-01-18,2024,3,4,2513,839.09493,404,943,678
2024-01-19,2024,3,5,2225,761.24839,376,826,538
2024-01-20,2024,3,6,317,188.69801999999999,8,202,19
2024-01-21,2024,3,7,36,11.55535,0,7,4
2024-01-22,2024,4,1,2269,720.77721,384,758,602
2024-01-23,2024,4,2,2794,1037.96694,436,1025,646
2024-01-24,2024,4,3,2980,1040.67112,448,1085,685
2024-01-25,2024,4,4,2903,1297.62757,362,1308,627
2024-01-26,2024,4,5,2052,783.50475,345,826,520
2024-01-27,2024,4,6,266,92.9876,1,88,52
2024-01-28,2024,4,7,119,28.555,0,9,3
2024-01-29,2024,5,1,2265,800.66366,384,860,623
2024-01-30,2024,5,2,2703,988.08074,400,978,641
2024-01-31,2024,5,3,2843,1010.45496,399,1096,624
2024-02-01,2024,5,4,2607,985.07322,382,971,602
2024-02-02,2024,5,5,2558,946.61324,427,944,660
2024-02-03,2024,5,6,338,138.8567,14,85,54
2024-02-04,2024,5,7,42,8.65255,10,6,6
2024-02-05,2024,6,1,2265,869.64199,349,852,560
2024-02-06,2024,6,2,2704,888.56451,411,909,616
2024-02-07,2024,6,3,2601,826.94956,503,870,719
2024-02-08,2024,6,4,2958,1101.28741,422,1011,641
2024-02-09,2024,6,5,2255,818.66622,427,846,603
2024-02-10,2024,6,6,292,145.71392,12,117,52
2024-02-11,2024,6,7,28,2.86984,0,6,6
2024-02-12,2024,7,1,2612,975.206,449,1124,678
2024-02-13,2024,7,2,2809,988.29313,412,978,683
2024-02-14,2024,7,3,2764,910.71587,441,1043,736
2024-02-15,2024,7,4,2720,965.43458,405,984,606
2024-02-16,2024,7,5,2339,883.56025,376,885,581
2024-02-17,2024,7,6,508,220.07161,14,178,46
2024-02-18,2024,7,7,24,16.64214,0,15,5
2024-02-19,2024,8,1,2467,887.29326,404,903,611
2024-02-20,2024,8,2,2670,1019.14172,424,1109,666
2024-02-21,2024,8,3,2606,763.33945,449,848,707
2024-02-22,2024,8,4,2654,1061.88748,398,1147,633
2024-02-23,2024,8,5,2647,926.79416,402,998,623
2024-02-24,2024,8,6,411,172.63926,6,191,35
2024-02-25,2024,8,7,60,6.04354,0,47,5
2024-02-26,2024,9,1,2308,673.34175,390,677,565
2024-02-27,2024,9,2,3067,1230.75571,465,1154,679
2024-02-28,2024,9,3,2839,936.48525,502,1010,708
2024-02-29,2024,9,4,2587,1144.77281,303,1163,602
2024-03-01,2024,9,5,2516,1092.40265,325,1030,534
2024-03-02,2024,9,6,397,220.6553,6,244,49
2024-03-04,2024,10,1,2129,830.21553,340,831,530
2024-03-05,2024,10,2,2879,963.67099,523,975,656
2024-03-06,2024,10,3,2679,802.7689,437,803,675
2024-03-07,2024,10,4,2877,1173.38356,386,1171,621
2024-03-08,2024,10,5,2580,939.06005,453,988,638
2024-03-09,2024,10,6,354,153.78918,4,136,36
2024-03-10,2024,10,7,36,32.73,0,34,5
2024-03-11,2024,11,1,2262,781.78131,384,876,602
2024-03-12,2024,11,2,2947,1015.96938,480,977,714
2024-03-13,2024,11,3,2904,906.68952,519,1007,726
2024-03-14,2024,11,4,2929,891.58932,486,981,606
2024-03-15,2024,11,5,2765,1029.81755,433,1108,677
2024-03-16,2024,11,6,380,174.74002,10,151,45
2024-03-17,2024,11,7,47,21.73379,0,20,10
2024-03-18,2024,12,1,2660,1032.0604,472,1115,674
2024-03-19,2024,12,2,2842,1043.92212,360,1005,658
2024-03-20,2024,12,3,2735,1056.90258,475,1156,686
2024-03-21,2024,12,4,3086,1176.28842,352,1220,652
2024-03-22,2024,12,5,2475,1010.10328,410,1082,613
2024-03-23,2024,12,6,346,158.11237,3,166,34
2024-03-24,2024,12,7,34,6.63713,0,7,5
2024-03-25,2024,13,1,2286,944.11677,334,951,559
2024-03-26,2024,13,2,3063,1262.96562,358,1312,610
2024-03-27,2024,13,3,2769,1004.35174,400,961,624
2024-03-28,2024,13,4,2266,1007.03187,301,1079,500
2024-03-29,2024,13,5,1848,837.52046,275,870,428
2024-03-30,2024,13,6,381,112.23361,4,215,57
2024-04-02,2024,14,2,2089,839.231,358,876,535
2024-04-03,2024,14,3,2679,789.5585,476,912,694
2024-04-04,2024,14,4,2759,957.61893,415,960,650
2024-04-05,2024,14,5,2461,823.393505,520,877,688
2024-04-06,2024,14,6,460,173.85408999999999,1,202,71
2024-04-07,2024,14,7,3,1.006,0,2,2
2024-04-08,2024,15,1,2215,719.0221,460,716,654
2024-04-09,2024,15,2,2647,833.9724199999999,517,782,742
2024-04-10,2024,15,3,2891,877.34474,468,888,673
2024-04-11,2024,15,4,2711,1057.79483,389,935,589
2024-04-12,2024,15,5,2177,831.34008,373,863,562
2024-04-13,2024,15,6,231,120.24556,2,121,42
2024-04-14,2024,15,7,32,6.59152,1,14,11
2024-04-15,2024,16,1,2323,740.355729,351,907,540
2024-04-16,2024,16,2,2566,832.835554,454,849,648
2024-04-17,2024,16,3,2888,957.376419,449,856,699
2024-04-18,2024,16,4,2982,1207.580422,386,1224,666
2024-04-19,2024,16,5,2424,950.351658,350,945,580
2024-04-20,2024,16,6,380,296.74044,1,229,35
2024-04-21,2024,16,7,45,38.377159999999996,0,42,4
2024-04-22,2024,17,1,2476,893.26784,430,899,609
2024-04-23,2024,17,2,3082,1100.560363,393,1105,648
2024-04-24,2024,17,3,3020,1230.227778,394,1209,627
2024-04-25,2024,17,4,2683,1193.39666,298,1264,556
2024-04-26,2024,17,5,2353,744.047733,405,744,623
2024-04-27,2024,17,6,326,159.02998,5,154,57
2024-04-28,2024,17,7,26,4.88315,0,11,9
2024-04-29,2024,18,1,2246,848.270026,339,869,535
2024-04-30,2024,18,2,2117,862.12896,307,796,515
2024-05-01,2024,18,3,841,441.12566,23,449,81
2024-05-02,2024,18,4,2073,661.59359,453,698,636
2024-05-03,2024,18,5,2511,1001.56332,364,1074,617
2024-05-04,2024,18,6,328,123.62054,2,108,55
2024-05-05,2024,18,7,15,5.03984,0,6,5
2024-05-06,2024,19,1,2010,762.34826,353,783,529
2024-05-07,2024,19,2,2526,904.48748,396,864,599
2024-05-08,2024,19,3,2364,976.76395,342,1071,522
2024-05-09,2024,19,4,2343,856.50362,387,824,537
2024-05-10,2024,19,5,1746,714.14701,266,759,433
2024-05-11,2024,19,6,265,119.95474,7,111,31
2024-05-12,2024,19,7,22,17.60354,0,22,1
2024-05-13,2024,20,1,1919,661.30409,307,696,498
2024-05-14,2024,20,2,2567,957.2464200000001,390,934,564
2024-05-15,2024,20,3,2450,882.90344,378,891,577
2024-05-16,2024,20,4,2661,1084.30588,342,1066,555
2024-05-17,2024,20,5,2653,1151.485108,321,1142,544
2024-05-18,2024,20,6,401,201.46442,9,209,77
2024-05-19,2024,20,7,42,36.6323,0,42,3
2024-05-20,2024,21,1,1915,811.368832,282,784,467
2024-05-21,2024,21,2,2585,1084.347472,325,1081,572
2024-05-22,2024,21,3,2755,1171.017334,403,1232,602
2024-05-23,2024,21,4,2794,1007.061316,399,1073,681
2024-05-24,2024,21,5,2199,755.893972,426,831,608
2024-05-25,2024,21,6,221,107.941648,8,96,36
2024-05-26,2024,21,7,61,59.50808,0,61,4
2024-05-27,2024,22,1,1526,494.072356,340,478,492
2024-05-28,2024,22,2,2801,968.916298,529,846,696
2024-05-29,2024,22,3,3002,1105.3103839999999,485,1085,677
2024-05-30,2024,22,4,2112,707.9645399999999,403,734,535
2024-05-31,2024,22,5,2306,907.916916,346,920,555
2024-06-01,2024,22,6,268,188.27031,0,192,42
2024-06-02,2024,22,7,85,72.7924,0,85,6
2024-06-03,2024,23,1,2419,1008.650538,390,1001,542
2024-06-04,2024,23,2,2250,751.29283,391,691,523
2024-06-05,2024,23,3,2594,959.872988,439,938,638
2024-06-06,2024,23,4,2932,1166.97611,402,1281,626
2024-06-07,2024,23,5,2259,728.545886,437,758,588
2024-06-08,2024,23,6,340,159.013,0,169,42
2024-06-09,2024,23,7,96,29.34986,6,30,6
2024-06-10,2024,24,1,2206,818.728444,402,891,563
2024-06-11,2024,24,2,2738,756.37707,502,757,655
2024-06-12,2024,24,3,2938,1136.909722,399,1054,618
2024-06-13,2024,24,4,2664,903.246794,375,1089,578
2024-06-14,2024,24,5,2439,977.290104,358,1045,608
2024-06-15,2024,24,6,242,172.18128000000002,8,161,44
2024-06-16,2024,24,7,34,16.823439999999998,0,16,3
2024-06-17,2024,25,1,2173,821.084306,389,886,557
2024-06-18,2024,25,2,2684,1049.121194,374,981,617
2024-06-19,2024,25,3,2625,972.84201,416,980,644
2024-06-20,2024,25,4,2468,953.547178,360,935,567
2024-06-21,2024,25,5,2248,950.1324079999999,373,984,578
2024-06-22,2024,25,6,320,156.78185,1,146,53
2024-06-23,2024,25,7,46,5.729,0,28,4
2024-06-24,2024,26,1,2186,888.906156,390,859,547
2024-06-25,2024,26,2,2924,1270.034066,381,1226,591
2024-06-26,2024,26,3,3118,1143.104624,479,1130,674
2024-06-27,2024,26,4,2381,901.40377,351,972,554
2024-06-28,2024,26,5,2297,866.7033,335,948,561
2024-06-29,2024,26,6,475,177.71076,0,193,59
2024-06-30,2024,26,7,72,63.77344,0,72,5
2024-07-01,2024,27,1,2083,787.812914,351,798,545
2024-07-02,2024,27,2,2416,874.87426,320,903,552
2024-07-03,2024,27,3,2686,1006.749644,365,1034,616
2024-07-04,2024,27,4,2151,734.407464,411,757,621
2024-07-05,2024,27,5,1975,664.385188,378,628,482
2024-07-07,2024,27,7,55,35.060564,7,38,6
2024-07-08,2024,28,1,1958,832.218896,322,871,459
2024-07-09,2024,28,2,2193,774.538098,361,774,559
2024-07-10,2024,28,3,2775,889.833694,465,914,654
2024-07-11,2024,28,4,2564,901.85813,310,1116,509
2024-07-12,2024,28,5,2026,547.928738,461,589,612
2024-07-13,2024,28,6,339,115.91623,6,104,36
2024-07-14,2024,28,7,59,51.64348,0,56,5
2024-07-15,2024,29,1,2056,682.7640719999999,494,681,655
2024-07-16,2024,29,2,2738,1057.721122,339,1038,561
2024-07-17,2024,29,3,2582,985.075506,371,1027,575
2024-07-18,2024,29,4,2109,876.2613259999999,278,931,479
2024-07-19,2024,29,5,354,134.527156,61,139,100
2024-07-20,2024,29,6,66,39.551919999999996,11,43,16
2024-07-22,2024,30,1,1653,579.384966,354,588,477
2024-07-23,2024,30,2,2389,794.071078,387,793,583
2024-07-24,2024,30,3,2606,877.381286,464,918,633
2024-07-25,2024,30,4,2252,887.598292,310,973,590
2024-07-26,2024,30,5,2088,702.454446,290,765,483
2024-07-27,2024,30,6,218,133.044416,2,125,19
2024-07-28,2024,30,7,31,0.18284,18,1,12
2024-07-29,2024,31,1,1495,492.911136,219,484,389
2024-07-30,2024,31,2,1893,625.082922,260,626,417
2024-07-31,2024,31,3,2450,869.867604,284,886,434
2024-08-01,2024,31,4,1805,660.738394,306,734,444
2024-08-02,2024,31,5,1848,590.14649,387,565,500
2024-08-03,2024,31,6,309,131.99964,2,186,42
2024-08-05,2024,32,1,1582,634.0974219999999,276,600,391
2024-08-06,2024,32,2,2087,608.286606,366,598,512
2024-08-07,2024,32,3,2220,672.243562,352,630,481
2024-08-08,2024,32,4,1914,661.137888,262,711,376
2024-08-09,2024,32,5,1659,529.715268,297,591,440
2024-08-10,2024,32,6,235,122.74712000000001,0,132,25
2024-08-12,2024,33,1,1300,475.786928,216,460,321
2024-08-13,2024,33,2,2110,611.603566,414,636,557
2024-08-14,2024,33,3,1995,545.420068,306,541,465
2024-08-15,2024,33,4,1740,566.586902,244,556,394
2024-08-16,2024,33,5,1514,663.457374,216,687,345
2024-08-17,2024,33,6,88,57.78727,0,51,16
2024-08-19,2024,34,1,1684,523.682992,347,539,450
2024-08-20,2024,34,2,1928,621.953692,391,628,503
2024-08-21,2024,34,3,1963,641.243292,426,658,589
2024-08-22,2024,34,4,1846,611.737792,342,620,455
2024-08-23,2024,34,5,1689,557.384456,421,604,509
2024-08-24,2024,34,6,142,66.29975,2,89,17
2024-08-25,2024,34,7,13,2.4499999999999997,0,3,2
2024-08-26,2024,35,1,1699,565.941684,293,544,477
2024-08-27,2024,35,2,2061,647.964956,345,652,541
2024-08-28,2024,35,3,2582,828.229404,448,946,639
2024-08-29,2024,35,4,2427,947.663076,321,948,531
2024-08-30,2024,35,5,2275,992.661038,314,1003,529
2024-08-31,2024,35,6,218,131.04382999999999,0,130,35
2024-09-02,2024,36,1,2037,726.130466,328,757,527
2024-09-03,2024,36,2,2493,754.671804,375,791,568
2024-09-04,2024,36,3,2603,814.104272,401,903,657
2024-09-05,2024,36,4,3362,1181.704344,488,1189,703
2024-09-06,2024,36,5,2407,908.09487,440,993,666
2024-09-07,2024,36,6,365,240.84387999999998,6,251,39
2024-09-08,2024,36,7,23,23.285,0,21,2
2024-09-09,2024,37,1,2361,933.791956,402,957,573
2024-09-10,2024,37,2,2444,859.12966,370,822,584
2024-09-11,2024,37,3,2558,1003.294532,396,971,535
2024-09-12,2024,37,4,2317,821.71974,309,839,528
2024-09-13,2024,37,5,2150,720.228456,435,839,631
2024-09-14,2024,37,6,376,114.79714,34,104,50
2024-09-16,2024,38,1,1824,658.43382,327,673,521
2024-09-17,2024,38,2,2563,910.10965,439,839,639
2024-09-18,2024,38,3,2809,1063.436676,411,1081,622
2024-09-19,2024,38,4,2320,842.330818,344,861,558
2024-09-20,2024,38,5,2793,1166.5893,399,1285,632
2024-09-21,2024,38,6,208,148.13151,1,161,34
2024-09-22,2024,38,7,45,21.69285,0,39,24
2024-09-23,2024,39,1,2593,1112.600768,344,1081,613
2024-09-24,2024,39,2,2982,1136.793192,382,1139,612
2024-09-25,2024,39,3,2945,1095.874326,352,1209,666
2024-09-26,2024,39,4,2521,1059.15568,286,1106,538
2024-09-27,2024,39,5,2282,857.54491,350,914,627
2024-09-28,2024,39,6,382,201.22639,0,241,70
2024-09-29,2024,39,7,5,4.611000000000001,0,5,1
2024-09-30,2024,40,1,2119,652.716328,358,662,529
2024-10-01,2024,40,2,2042,598.679644,410,645,587
2024-10-02,2024,40,3,2387,773.009938,468,775,624
2024-10-03,2024,40,4,2428,917.15698,356,914,632
2024-10-04,2024,40,5,2489,956.068628,430,960,659
2024-10-05,2024,40,6,438,328.97636,0,316,58
2024-10-06,2024,40,7,68,20.293,1,32,5
2024-10-07,2024,41,1,1883,599.972398,363,623,542
2024-10-08,2024,41,2,2671,866.760648,383,840,642
2024-10-09,2024,41,3,3078,1058.279424,501,1106,748
2024-10-10,2024,41,4,2864,688.740186,576,812,789
2024-10-11,2024,41,5,2295,817.310966,419,925,678
2024-10-12,2024,41,6,425,153.570336,15,199,95
2024-10-13,2024,41,7,28,17.019000000000002,0,24,2
2024-10-14,2024,42,1,2836,1088.311718,432,1151,628
2024-10-15,2024,42,2,2831,936.441772,365,914,607
2024-10-16,2024,42,3,2583,832.134944,471,891,732
2024-10-17,2024,42,4,2688,936.910478,351,902,624
2024-10-18,2024,42,5,2500,1096.6148,359,1014,577
2024-10-19,2024,42,6,293,95.32385000000001,2,92,40
2024-10-20,2024,42,7,7,3.1109999999999998,0,3,3
2024-10-21,2024,43,1,1995,798.948904,366,861,552
2024-10-22,2024,43,2,2541,814.136534,397,848,609
2024-10-23,2024,43,3,2758,962.48491,429,933,673
2024-10-24,2024,43,4,2068,783.078242,309,754,509
2024-10-25,2024,43,5,1934,652.494746,343,660,543
2024-10-26,2024,43,6,119,35.76006,14,39,34
2024-10-28,2024,44,1,1906,692.33117,361,682,502
2024-10-29,2024,44,2,2808,1018.6004360000001,394,1015,622
2024-10-30,2024,44,3,2514,784.569528,383,782,570
2024-10-31,2024,44,4,2584,1034.146594,407,994,655
2024-11-01,2024,44,5,2208,938.175349,343,996,556
2024-11-02,2024,44,6,107,87.508,0,96,12
2024-11-04,2024,45,1,1969,703.252762,350,705,508
2024-11-05,2024,45,2,2418,822.9105529999999,423,853,603
2024-11-06,2024,45,3,1850,720.176577,283,728,430
2024-11-07,2024,45,4,2396,743.375864,436,756,622
2024-11-08,2024,45,5,2154,609.635516,435,678,622
2024-11-09,2024,45,6,329,286.74345999999997,0,264,29
2024-11-11,2024,46,1,2098,909.260442,344,940,566
2024-11-12,2024,46,2,2697,1047.927464,341,1038,634
2024-11-13,2024,46,3,2857,915.253566,452,908,664
2024-11-14,2024,46,4,2487,881.984418,405,962,612
2024-11-15,2024,46,5,2294,839.098746,358,892,536
2024-11-16,2024,46,6,393,197.293644,16,265,58
2024-11-18,2024,47,1,2069,696.023274,347,723,502
2024-11-19,2024,47,2,2690,937.13347,440,901,630
2024-11-20,2024,47,3,3257,794.563608,670,864,801
2024-11-21,2024,47,4,2706,1014.971816,390,971,593
2024-11-22,2024,47,5,2400,824.817474,461,881,628
2024-11-23,2024,47,6,272,82.28018,7,157,34
2024-11-25,2024,48,1,2041,839.413102,344,898,558
2024-11-26,2024,48,2,2384,809.5995360000001,448,803,695
2024-11-27,2024,48,3,2907,1059.19959,415,1109,670
2024-11-28,2024,48,4,2599,954.204568,403,1013,658
2024-11-29,2024,48,5,2405,862.1338,428,1016,680
2024-11-30,2024,48,6,383,248.95336,18,252,45
2024-12-01,2024,48,7,37,15.572,0,29,6
2024-12-02,2024,49,1,2500,888.26096,356,985,610
2024-12-03,2024,49,2,2634,960.8842539999999,370,979,659
2024-12-04,2024,49,3,2724,1028.653134,440,1032,678
2024-12-05,2024,49,4,2883,1021.77154,367,1084,642
2024-12-06,2024,49,5,2756,1013.946432,321,1268,577
2024-12-07,2024,49,6,273,158.12516,1,154,26
2024-12-09,2024,50,1,2381,871.246584,402,849,598
2024-12-10,2024,50,2,2787,1122.856784,408,1124,647
2024-12-11,2024,50,3,2685,1010.755178,430,1137,655
2024-12-12,2024,50,4,2468,951.935422,383,930,573
2024-12-13,2024,50,5,2355,697.694188,424,765,617
2024-12-14,2024,50,6,97,69.85978,2,61,13
2024-12-15,2024,50,7,63,20.4086,1,31,18
2024-12-16,2024,51,1,2531,916.000808,407,965,662
2024-12-17,2024,51,2,2386,702.502054,433,816,617
2024-12-18,2024,51,3,2055,1010.92391,173,1133,385
2024-12-19,2024,51,4,969,445.165858,115,433,190
2024-12-20,2024,51,5,456,185.85031,57,187,109
2024-12-23,2024,52,1,291,102.495,10,119,24
2024-12-27,2024,52,5,397,108.62189000000001,24,128,51
2024-12-29,2024,52,7,6,0.01184,6,0,6
2024-12-30,2025,1,1,551,26.211614,252,36,242
2025-01-01,2025,1,3,94,17.044159999999998,32,18,25
2025-01-02,2025,1,4,2754,720.302098,451,873,693
2025-01-03,2025,1,5,2797,1354.564346,253,1219,550
2025-01-04,2025,1,6,318,195.29452,0,216,49
2025-01-05,2025,1,7,128,47.191539999999996,12,46,13
2025-01-06,2025,2,1,2107,955.673846,269,934,397
2025-01-07,2025,2,2,2007,834.072004,224,764,410
2025-01-08,2025,2,3,2553,1039.762858,328,1018,506
2025-01-09,2025,2,4,2001,750.05316,318,739,480
2025-01-10,2025,2,5,1720,620.216392,312,655,459
2025-01-11,2025,2,6,67,41.96938,0,44,7
2025-01-13,2025,3,1,2167,789.99143,378,757,558
2025-01-14,2025,3,2,2108,653.220178,396,660,571
2025-01-15,2025,3,3,2303,807.339174,408,827,597
2025-01-16,2025,3,4,2981,1120.302544,393,1213,638
2025-01-17,2025,3,5,2553,1067.880624,369,1095,620
2025-01-18,2025,3,6,74,33.78034,1,56,20
2025-01-20,2025,4,1,1799,641.0803980000001,302,615,512
2025-01-21,2025,4,2,2462,964.041184,350,956,632
2025-01-22,2025,4,3,2752,1010.092124,467,1004,668
2025-01-23,2025,4,4,3063,813.095242,636,782,741
2025-01-24,2025,4,5,2414,917.736346,396,982,579
2025-01-25,2025,4,6,127,79.603722,3,82,23
2025-01-27,2025,5,1,1807,570.993454,418,579,566
2025-01-28,2025,5,2,3002,960.99929,588,952,768
2025-01-29,2025,5,3,3197,1077.305648,579,1099,816
2025-01-30,2025,5,4,2852,926.231548,491,984,681
2025-01-31,2025,5,5,2379,821.634636,365,906,586
2025-02-01,2025,5,6,514,271.27982,16,321,71
2025-02-02,2025,5,7,17,9.91873,0,7,3
2025-02-03,2025,6,1,2338,772.029492,459,807,651
2025-02-04,2025,6,2,2681,990.614618,453,1017,705
2025-02-05,2025,6,3,2701,984.711632,408,987,625
2025-02-06,2025,6,4,2822,1011.371962,358,1071,602
2025-02-07,2025,6,5,2474,836.921481,355,894,549
2025-02-08,2025,6,6,266,121.22061,10,102,40
2025-02-10,2025,7,1,2296,753.215184,449,814,642
2025-02-11,2025,7,2,2591,975.272228,433,1004,658
2025-02-12,2025,7,3,2741,1048.4408779999999,398,1039,677
2025-02-13,2025,7,4,2511,975.306548,351,898,603
2025-02-14,2025,7,5,2473,956.058074,371,1026,572
2025-02-15,2025,7,6,116,53.63145,5,56,12
2025-02-17,2025,8,1,2171,845.910674,324,903,543
2025-02-18,2025,8,2,2643,956.055466,324,989,595
2025-02-19,2025,8,3,2923,1104.74654,398,1145,661
2025-02-20,2025,8,4,2684,1214.37274,329,1148,585
2025-02-21,2025,8,5,2312,873.189626,467,926,651
2025-02-22,2025,8,6,337,214.98068,4,222,36
2025-02-24,2025,9,1,2381,891.38773,399,861,619
2025-02-25,2025,9,2,3013,955.55722,514,1082,738
2025-02-26,2025,9,3,2915,1161.77536,439,1184,669
2025-02-27,2025,9,4,2537,1031.67159,385,1062,597
2025-02-28,2025,9,5,2216,896.12604,341,946,551
2025-03-01,2025,9,6,231,168.22339,3,144,28
2025-03-03,2025,10,1,2147,852.9293,333,855,567
2025-03-04,2025,10,2,2821,915.70378,530,936,660
2025-03-05,2025,10,3,2738,1037.68619,365,1090,595
2025-03-06,2025,10,4,3056,1079.04674,441,1079,650
2025-03-07,2025,10,5,2472,871.30065,375,1000,621
2025-03-08,2025,10,6,432,369.5493,1,388,43
2025-03-10,2025,11,1,2522,951.96777,436,1012,649
2025-03-11,2025,11,2,2555,824.5906,455,830,670
2025-03-12,2025,11,3,2927,1150.69749,396,1139,643
2025-03-13,2025,11,4,2902,1084.77591,430,1073,730
2025-03-14,2025,11,5,2301,800.50293,340,907,620
2025-03-15,2025,11,6,252,217.97064,0,204,21
2025-03-17,2025,12,1,2501,829.35804,445,913,702
2025-03-18,2025,12,2,3459,1027.51238,542,1016,816
2025-03-19,2025,12,3,2843,965.09523,501,1014,718
2025-03-20,2025,12,4,2993,1054.4148,445,1057,625
2025-03-21,2025,12,5,2585,969.42215,438,973,611
2025-03-22,2025,12,6,330,211.20365999999999,6,269,30
2025-03-23,2025,12,7,27,1.944,0,27,1
2025-03-24,2025,13,1,2624,817.28431,568,864,725
2025-03-25,2025,13,2,2835,889.37051,556,878,745
2025-03-26,2025,13,3,2968,1074.123482,534,1111,821
2025-03-27,2025,13,4,3013,1294.79222,430,1367,661
2025-03-28,2025,13,5,2862,958.51059,496,993,687
2025-03-29,2025,13,6,383,207.52146,5,184,47
2025-03-30,2025,13,7,6,0.46799999999999997,0,2,1
2025-03-31,2025,14,1,2666,967.69238,451,861,591
2025-04-01,2025,14,2,3118,1242.95178,417,1182,658
2025-04-02,2025,14,3,3006,1207.17342,382,1202,681
2025-04-03,2025,14,4,2887,997.47517,378,1153,618
2025-04-04,2025,14,5,2398,941.56875,363,942,593
2025-04-05,2025,14,6,258,124.33786,0,127,18
2025-04-07,2025,15,1,2653,960.58376,449,896,654
2025-04-08,2025,15,2,3095,1171.31859,516,1180,732
2025-04-09,2025,15,3,2825,1102.96645,406,1041,650
2025-04-10,2025,15,4,3006,1041.86309,452,1080,663
2025-04-11,2025,15,5,2895,1062.46984,461,1034,657
2025-04-12,2025,15,6,259,119.09656,11,80,48
2025-04-13,2025,15,7,15,5.499,0,8,3
2025-04-14,2025,16,1,2279,789.74524,439,771,617
2025-04-15,2025,16,2,3402,1153.89374,447,1153,666
2025-04-16,2025,16,3,2622,956.30823,437,846,591
2025-04-17,2025,16,4,2511,854.11845,339,834,533
2025-04-18,2025,16,5,1335,521.69571,231,564,343
2025-04-19,2025,16,6,227,65.10269,9,102,38
2025-04-22,2025,17,2,2232,781.55355,455,849,616
2025-04-23,2025,17,3,2983,813.3893,590,801,786
2025-04-24,2025,17,4,3274,1154.25089,510,1195,715
2025-04-25,2025,17,5,2982,1065.45168,380,1037,643
2025-04-26,2025,17,6,302,266.82377,0,261,37
2025-04-27,2025,17,7,93,89.989,0,87,5
2025-04-28,2025,18,1,2825,1070.25783,417,1055,610
2025-04-29,2025,18,2,3077,1070.33663,458,1001,676
2025-04-30,2025,18,3,2542,1049.47308,367,1159,588
2025-05-01,2025,18,4,288,231.09992,0,237,35
2025-05-02,2025,18,5,2157,718.7622,438,717,595
2025-05-03,2025,18,6,348,133.68245,46,118,76
2025-05-04,2025,18,7,18,10.972000000000001,0,18,2
2025-05-05,2025,19,1,2642,894.18593,382,911,619
2025-05-06,2025,19,2,2684,1022.60976,380,987,610
2025-05-07,2025,19,3,3191,1149.6136099999999,437,1147,661
2025-05-08,2025,19,4,2639,746.25321,502,770,665
2025-05-09,2025,19,5,2736,889.66699,424,904,596
2025-05-10,2025,19,6,261,133.50616,1,126,23
2025-05-11,2025,19,7,2,0.094,0,1,1
2025-05-12,2025,20,1,2836,893.16174,469,890,683
2025-05-13,2025,20,2,2986,953.83108,449,911,718
2025-05-14,2025,20,3,3238,1145.43376,493,1141,706
2025-05-15,2025,20,4,3429,1425.04544,420,1410,725
2025-05-16,2025,20,5,2984,1043.10704,467,1084,692
2025-05-17,2025,20,6,411,248.09489,3,211,34
2025-05-19,2025,21,1,2566,959.39744,418,913,632
2025-05-20,2025,21,2,3410,1112.21046,516,1112,744
2025-05-21,2025,21,3,3366,1082.44716,494,1013,734
2025-05-22,2025,21,4,2732,944.51749,431,909,648
2025-05-23,2025,21,5,2540,883.89213,458,886,635
2025-05-24,2025,21,6,38,35.52784,0,31,5
2025-05-26,2025,22,1,2479,802.61314,469,818,660
2025-05-27,2025,22,2,3452,1014.7746999999999,463,1138,698
2025-05-28,2025,22,3,2969,1013.974107,450,921,619
2025-05-29,2025,22,4,2979,1063.822415,395,1050,658
2025-05-30,2025,22,5,2442,1102.454191,330,1115,527
2025-06-01,2025,22,7,10,0.075,9,1,8
2025-06-02,2025,23,1,2457,864.067331,341,801,509
2025-06-03,2025,23,2,2896,992.210736,472,978,659
2025-06-04,2025,23,3,3335,1041.272009,483,1043,683
2025-06-05,2025,23,4,2942,829.2541659999999,491,795,663
2025-06-06,2025,23,5,2699,1027.334039,424,1043,642
2025-06-07,2025,23,6,98,42.1342,0,44,11
2025-06-09,2025,24,1,2134,819.302582,299,898,475
2025-06-10,2025,24,2,2867,947.857523,440,925,670
2025-06-11,2025,24,3,2948,1033.843562,456,985,676
2025-06-12,2025,24,4,3073,1317.280945,404,1266,631
2025-06-13,2025,24,5,2774,912.754153,415,914,623
2025-06-14,2025,24,6,408,200.04644,6,198,43
2025-06-15,2025,24,7,7,5.25,0,1,1
2025-06-16,2025,25,1,2607,736.36799,435,724,603
2025-06-17,2025,25,2,3286,889.52342,565,935,757
2025-06-18,2025,25,3,2667,838.4719,397,935,648
2025-06-19,2025,25,4,3060,969.363908,460,963,589
2025-06-20,2025,25,5,1987,647.926827,359,657,533
2025-06-21,2025,25,6,41,17.748,0,4,2
2025-06-23,2025,26,1,2681,983.77247,391,927,630
2025-06-24,2025,26,2,3083,1234.795545,453,1234,728
2025-06-25,2025,26,3,3197,1119.082157,402,1131,631
2025-06-26,2025,26,4,2904,1131.19724,393,1133,652
2025-06-27,2025,26,5,2693,915.434418,454,842,669
2025-06-28,2025,26,6,180,81.396551,3,83,30
2025-06-30,2025,27,1,2705,998.796255,444,909,554
2025-07-01,2025,27,2,3172,1138.220422,435,1035,696
2025-07-02,2025,27,3,3120,1119.06269,407,1088,671
2025-07-03,2025,27,4,3012,943.31531,398,961,658
2025-07-04,2025,27,5,2977,1148.021441,456,1199,694
2025-07-05,2025,27,6,204,102.20903,2,146,12
2025-07-07,2025,28,1,2405,907.62086,389,937,599
2025-07-08,2025,28,2,2769,870.1019,433,867,664
2025-07-09,2025,28,3,2707,817.611485,387,802,608
2025-07-10,2025,28,4,2589,938.153897,390,907,568
2025-07-11,2025,28,5,2494,883.286029,451,910,644
2025-07-12,2025,28,6,302,184.3548,0,195,31
2025-07-14,2025,29,1,2270,732.37497,399,667,573
2025-07-15,2025,29,2,2592,875.604285,413,891,623
2025-07-16,2025,29,3,2830,847.8963239999999,538,826,660
2025-07-17,2025,29,4,2411,735.180645,394,791,598
2025-07-18,2025,29,5,2021,605.5026839999999,410,646,545
2025-07-19,2025,29,6,367,106.15864,4,151,24
2025-07-20,2025,29,7,1,0.37926,0,1,1
2025-07-21,2025,30,1,2158,705.966869,349,673,491
2025-07-22,2025,30,2,2308,736.578031,415,627,570
2025-07-23,2025,30,3,2477,889.350322,288,833,464
2025-07-24,2025,30,4,2119,614.086279,316,698,467
2025-07-25,2025,30,5,1981,600.747816,354,602,473
2025-07-26,2025,30,6,142,80.16608,0,85,18
2025-07-28,2025,31,1,1870,613.898837,309,607,440
2025-07-29,2025,31,2,2319,659.198467,348,687,510
2025-07-30,2025,31,3,2326,818.712391,353,801,489
2025-07-31,2025,31,4,2015,538.800385,355,455,452
2025-08-01,2025,31,5,1876,530.536434,349,553,511
2025-08-02,2025,31,6,142,94.99173,0,100,24
2025-08-04,2025,32,1,2147,599.738335,378,573,513
2025-08-05,2025,32,2,2335,656.596433,355,669,557
2025-08-06,2025,32,3,2065,551.910194,327,571,471
2025-08-07,2025,32,4,2391,710.534728,332,831,526
2025-08-08,2025,32,5,1761,611.533239,289,665,442
2025-08-09,2025,32,6,122,89.6722,0,90,11
2025-08-11,2025,33,1,2024,657.773324,401,607,500
2025-08-12,2025,33,2,2363,653.318858,389,679,568
2025-08-13,2025,33,3,2966,948.357743,405,853,604
2025-08-14,2025,33,4,2374,888.54834,368,848,555
2025-08-15,2025,33,5,1813,514.338576,391,523,478
2025-08-16,2025,33,6,288,135.51904,0,156,33
2025-08-18,2025,34,1,2057,925.274702,365,960,525
2025-08-19,2025,34,2,2375,762.578609,401,708,535
2025-08-20,2025,34,3,2577,935.267636,378,878,588
2025-08-21,2025,34,4,2574,904.912028,354,990,581
2025-08-22,2025,34,5,2144,759.538687,382,738,512
2025-08-23,2025,34,6,147,66.63905,2,49,15
2025-08-25,2025,35,1,2082,724.382143,322,773,527
2025-08-26,2025,35,2,2946,977.119128,380,910,567
2025-08-27,2025,35,3,3034,1104.820994,398,1080,630
2025-08-28,2025,35,4,2725,1085.883408,329,1061,557
2025-08-29,2025,35,5,2274,899.69491,356,906,528
2025-08-30,2025,35,6,192,14.66848,22,26,29
2025-09-01,2025,36,1,2048,650.067269,335,647,515
2025-09-02,2025,36,2,2943,818.470572,473,824,712
2025-09-03,2025,36,3,2818,799.774326,554,796,696
2025-09-04,2025,36,4,3100,1019.831819,356,921,616
2025-09-05,2025,36,5,2774,847.136715,460,812,694
2025-09-06,2025,36,6,308,163.745494,0,155,39
2025-09-08,2025,37,1,2336,810.767641,384,826,559
2025-09-09,2025,37,2,3193,950.910012,542,920,718
2025-09-10,2025,37,3,2992,911.399842,457,898,667
2025-09-11,2025,37,4,3262,1188.327014,401,1088,643
2025-09-12,2025,37,5,2706,862.342269,507,876,697
2025-09-13,2025,37,6,441,327.3009,1,309,42
2025-09-14,2025,37,7,2,0.906,0,1,1
2025-09-15,2025,38,1,2306,798.376886,414,750,588
2025-09-16,2025,38,2,3090,957.550418,475,859,657
2025-09-17,2025,38,3,3275,982.07454,432,880,635
2025-09-18,2025,38,4,3153,1329.801551,384,1144,608
2025-09-19,2025,38,5,2914,933.15846,458,972,651
2025-09-20,2025,38,6,383,159.30046,37,167,39
2025-09-22,2025,39,1,2293,787.25104,427,742,588
2025-09-23,2025,39,2,2947,950.51969,443,946,691
2025-09-24,2025,39,3,2971,1019.71374,480,1112,727
2025-09-25,2025,39,4,2912,947.87607,417,956,633
2025-09-26,2025,39,5,2724,929.69037,482,883,687
2025-09-27,2025,39,6,582,373.14272,0,387,55
2025-09-28,2025,39,7,8,7.63928,0,7,1
2025-09-29,2025,40,1,2678,1040.22012,396,1053,584
2025-09-30,2025,40,2,3375,1148.30725,469,1020,714
2025-10-01,2025,40,3,3119,1039.39885,553,1068,733
2025-10-02,2025,40,4,2939,1009.61573,422,929,656
2025-10-03,2025,40,5,2676,864.06898,367,887,571
2025-10-04,2025,40,6,119,82.69806,0,72,12
2025-10-06,2025,41,1,2427,705.2474100000001,453,736,642
2025-10-07,2025,41,2,3055,1089.376,478,1048,652
2025-10-08,2025,41,3,2877,852.61543,437,864,643
2025-10-09,2025,41,4,2455,955.89852,379,890,572
2025-10-10,2025,41,5,2660,813.400341,448,818,618
2025-10-11,2025,41,6,330,156.4208,2,213,33
2025-10-12,2025,41,7,25,15.941170000000001,0,5,2
2025-10-13,2025,42,1,2737,1130.1757,406,996,580
2025-10-14,2025,42,2,2852,897.25264,438,873,644
2025-10-15,2025,42,3,3062,1031.03687,414,1076,615
2025-10-16,2025,42,4,3210,1081.99371,403,1055,618
2025-10-17,2025,42,5,2678,837.79436,423,890,653
2025-10-18,2025,42,6,336,144.01711,10,149,49
2025-10-20,2025,43,1,2376,814.60808,428,787,599
2025-10-21,2025,43,2,3136,1050.29166,449,985,669
2025-10-22,2025,43,3,3470,1292.7013,517,1321,720
2025-10-23,2025,43,4,2831,863.08001,399,944,591
2025-10-24,2025,43,5,3011,1013.48721,523,925,687
2025-10-25,2025,43,6,318,218.07503,5,215,33
2025-10-27,2025,44,1,2566,890.00856,391,828,556
2025-10-28,2025,44,2,3189,1196.13104,444,1164,656
2025-10-29,2025,44,3,2944,1095.73287,414,933,609
2025-10-30,2025,44,4,3127,1086.74247,473,1155,687
2025-10-31,2025,44,5,2715,945.88931,417,1009,620
2025-11-01,2025,44,6,342,99.9625,0,121,30
2025-11-03,2025,45,1,2565,981.79704,381,963,581
2025-11-04,2025,45,2,2755,879.35508,438,785,664
2025-11-05,2025,45,3,3080,1138.4195,449,1232,651
2025-11-06,2025,45,4,2873,992.8952400000001,452,1032,661
2025-11-07,2025,45,5,3035,1072.88885,457,1077,632
2025-11-08,2025,45,6,349,123.18714,3,69,32
2025-11-10,2025,46,1,2855,1176.6150499999999,429,1252,668
2025-11-11,2025,46,2,2916,963.063716,398,874,592
2025-11-12,2025,46,3,2879,1029.815768,397,1007,657
2025-11-13,2025,46,4,2165,779.53422,382,711,544
2025-11-14,2025,46,5,2409,826.53599,378,787,602
2025-11-15,2025,46,6,357,139.42119,33,160,38
2025-11-17,2025,47,1,2646,810.88383,436,819,611
2025-11-18,2025,47,2,3403,1181.281156,431,1147,709
2025-11-19,2025,47,3,3060,1051.631812,420,998,635
2025-11-20,2025,47,4,2810,969.662064,409,939,639
2025-11-21,2025,47,5,2745,880.26986,452,835,664
2025-11-22,2025,47,6,393,256.82608,6,254,42
2025-11-23,2025,47,7,7,5.106,0,3,2
2025-11-24,2025,48,1,2502,965.526712,389,946,617
2025-11-25,2025,48,2,3029,1036.57865,492,937,692
2025-11-26,2025,48,3,3085,975.27786,470,1012,680
2025-11-27,2025,48,4,3369,1185.66929,463,1089,702
2025-11-28,2025,48,5,3229,1173.512814,399,1074,606
2025-11-29,2025,48,6,577,367.121482,16,371,47
2025-11-30,2025,48,7,22,9.64713,0,5,2
2025-12-01,2025,49,1,2484,937.56752,415,881,596
2025-12-02,2025,49,2,3239,1262.003414,418,1109,664
2025-12-03,2025,49,3,3295,1193.288234,506,1144,691
2025-12-04,2025,49,4,3025,995.516349,484,913,663
2025-12-05,2025,49,5,2902,893.965652,462,874,674
2025-12-06,2025,49,6,563,321.38494,3,277,62
2025-12-08,2025,50,1,2746,985.822262,431,957,604
2025-12-09,2025,50,2,3303,1253.577086,405,1130,638
2025-12-10,2025,50,3,3458,1425.963442,471,1367,703
2025-12-11,2025,50,4,2973,1224.252874,391,1154,642
2025-12-12,2025,50,5,2789,1013.001526,417,1015,656
2025-12-13,2025,50,6,264,205.54988,1,209,31
2025-12-15,2025,51,1,2510,901.08174,383,923,577
2025-12-16,2025,51,2,2952,903.496666,434,863,590
2025-12-17,2025,51,3,2775,1191.01166,282,1200,479
2025-12-18,2025,51,4,1806,600.578186,288,605,364
2025-12-19,2025,51,5,490,225.49431,96,225,119
2025-12-22,2025,52,1,426,201.31866,48,171,66
2025-12-23,2025,52,2,610,196.82487,119,159,114
2025-12-29,2026,1,1,782,315.54695,53,278,103
2025-12-30,2026,1,2,882,173.009484,233,166,211
2026-01-01,2026,1,4,105,27.35304,31,24,37
2026-01-02,2026,1,5,2566,856.945622,351,722,571
2026-01-03,2026,1,6,706,353.93219,9,278,93
2026-01-04,2026,1,7,52,18.71493,0,10,8
2026-01-05,2026,2,1,2560,1144.947226,223,1092,510
2026-01-06,2026,2,2,2582,1038.631866,294,941,509
2026-01-07,2026,2,3,2569,938.79234,297,847,483
2026-01-08,2026,2,4,2077,668.25901,314,675,506
2026-01-09,2026,2,5,2373,833.72829,358,717,516
2026-01-10,2026,2,6,224,132.33515,20,121,43
2026-01-11,2026,2,7,4,3.776,0,2,1
2026-01-12,2026,3,1,2622,987.8313899999999,351,915,570
2026-01-13,2026,3,2,2913,1032.764364,362,892,604
2026-01-14,2026,3,3,2773,968.390096,364,924,605
2026-01-15,2026,3,4,2759,904.823864,298,813,538
2026-01-16,2026,3,5,2550,1020.415668,372,912,579
2026-01-17,2026,3,6,298,184.85319,14,162,32
2026-01-19,2026,4,1,2598,917.0304199999999,343,871,623
2026-01-20,2026,4,2,3071,1129.092378,427,992,647
2026-01-21,2026,4,3,2991,865.090252,442,791,667
2026-01-22,2026,4,4,3104,982.957482,498,832,694
2026-01-23,2026,4,5,3036,948.58725,441,857,651
2026-01-24,2026,4,6,216,173.62974,1,169,27
2026-01-26,2026,5,1,2823,1081.51478,373,991,639
2026-01-27,2026,5,2,3334,1178.33995,406,1085,690
2026-01-28,2026,5,3,3142,1200.6763,406,1146,712
2026-01-29,2026,5,4,3074,1209.1296399999999,420,1164,667
2026-01-30,2026,5,5,2455,733.22178,436,730,586
2026-01-31,2026,5,6,198,117.504,2,113,17
2026-02-02,2026,6,1,2450,749.14564,408,715,601
2026-02-03,2026,6,2,2936,934.61964,464,791,591
2026-02-04,2026,6,3,3387,1132.98502,415,993,640
2026-02-05,2026,6,4,3104,1084.16347,423,924,673
2026-02-06,2026,6,5,2695,961.85031,396,920,614
2026-02-07,2026,6,6,223,119.11955,0,115,41
2026-02-09,2026,7,1,2793,962.32454,428,839,643
2026-02-10,2026,7,2,3098,1028.05104,493,1003,681
2026-02-11,2026,7,3,3631,1263.66193,488,1134,722
2026-02-12,2026,7,4,2990,1129.79807,413,1101,649
2026-02-13,2026,7,5,2866,1031.52024,432,898,620
2026-02-14,2026,7,6,206,86.90991,21,90,42
2026-02-16,2026,8,1,2735,990.16802,398,905,625
2026-02-17,2026,8,2,3273,1169.89452,424,1015,656
2026-02-18,2026,8,3,3013,1066.67548,452,1009,699
2026-02-19,2026,8,4,3198,1031.22012,472,988,673
2026-02-20,2026,8,5,3189,1115.52409,423,1039,669
2026-02-21,2026,8,6,449,236.19341,3,185,33
2026-02-23,2026,9,1,2779,1109.344675,394,1007,640
2026-02-24,2026,9,2,3326,1223.14504,499,1184,731
2026-02-25,2026,9,3,3312,1281.723813,394,1137,655
2026-02-26,2026,9,4,3259,1245.22359,375,1243,657
2026-02-27,2026,9,5,2856,953.987245,430,895,608
2026-02-28,2026,9,6,159,59.63512,0,82,13
2026-03-02,2026,10,1,2647,957.486765,345,938,624
2026-03-03,2026,10,2,3367,965.881246,544,905,732
2026-03-04,2026,10,3,3213,1034.764331,453,866,676
2026-03-05,2026,10,4,3005,997.721175,417,842,671
2026-03-06,2026,10,5,2841,1090.18114,371,940,579
2026-03-07,2026,10,6,99,61.74053,2,63,20
2026-03-09,2026,11,1,2842,1031.17855,400,993,661
2026-03-10,2026,11,2,3411,1422.523645,428,1308,699
2026-03-11,2026,11,3,3406,1378.696275,393,1295,679
2026-03-12,2026,11,4,3079,1074.89844,382,928,620
2026-03-13,2026,11,5,3211,1230.918165,461,1113,713
2026-03-14,2026,11,6,402,211.19427,0,144,51
2026-03-15,2026,11,7,71,52.308809999999994,0,56,13
2026-03-16,2026,12,1,2745,1098.49986,404,1004,666
2026-03-17,2026,12,2,3111,1248.97191,422,1093,670
2026-03-18,2026,12,3,3574,1446.3683819999999,402,1329,662
2026-03-19,2026,12,4,3655,1567.34666,524,1436,754
2026-03-20,2026,12,5,3198,1180.23017,548,1106,767
2026-03-21,2026,12,6,289,231.39445,7,192,47
2026-03-23,2026,13,1,2791,1018.10232,455,987,706
2026-03-24,2026,13,2,3807,1565.12497,427,1608,735
2026-03-25,2026,13,3,3325,1250.246005,392,1239,686
2026-03-26,2026,13,4,3484,1397.46263,502,1327,788
2026-03-27,2026,13,5,2809,1230.34882,333,1193,620
2026-03-28,2026,13,6,358,232.62421,3,238,34
