date,iso_year,iso_week,iso_weekday,shift,binhits,gross_tons,cartons_count,pallets_count,vydejky_unique
2024-01-01,2024,1,1,night,80,18.555,7,11,9
2024-01-02,2024,1,2,day,1220,425.8565,238,370,341
2024-01-02,2024,1,2,night,526,318.2645,45,339,145
2024-01-03,2024,1,3,day,1668,528.11694,311,543,417
2024-01-03,2024,1,3,night,882,506.3165,39,598,217
2024-01-04,2024,1,4,day,1613,459.23053,303,453,428
2024-01-04,2024,1,4,night,828,383.16049,40,355,117
2024-01-05,2024,1,5,day,1395,388.73632,356,428,452
2024-01-05,2024,1,5,night,621,323.18878,19,287,112
2024-01-06,2024,1,6,night,49,30.50989,0,38,16
2024-01-08,2024,2,1,day,1432,429.86791,382,409,459
2024-01-08,2024,2,1,night,653,361.98363,28,380,133
2024-01-09,2024,2,2,day,1625,501.30465,313,492,442
2024-01-09,2024,2,2,night,708,312.03256,61,303,131
2024-01-10,2024,2,3,day,1570,360.57876,352,423,432
2024-01-10,2024,2,3,night,700,318.10652,50,361,133
2024-01-11,2024,2,4,day,1775,474.8092,382,475,470
2024-01-11,2024,2,4,night,664,322.411,51,344,138
2024-01-12,2024,2,5,day,1617,500.64775,320,517,450
2024-01-12,2024,2,5,night,718,416.36692,31,429,145
2024-01-13,2024,2,6,night,310,101.24467,1,83,58
2024-01-14,2024,2,7,night,16,2.14352,1,7,7
2024-01-15,2024,3,1,day,1443,347.51271,366,445,461
2024-01-15,2024,3,1,night,444,247.36205,33,256,110
2024-01-16,2024,3,2,day,1581,448.934155,334,473,436
2024-01-16,2024,3,2,night,831,411.60904,40,413,161
2024-01-17,2024,3,3,day,1628,417.37695,350,449,450
2024-01-17,2024,3,3,night,851,338.89947,30,371,141
2024-01-18,2024,3,4,day,1727,452.40751,370,513,517
2024-01-18,2024,3,4,night,786,386.68742,34,431,163
2024-01-19,2024,3,5,day,1631,380.61031,350,422,433
2024-01-19,2024,3,5,night,594,380.63808,26,405,108
2024-01-20,2024,3,6,night,317,188.69801999999999,8,202,19
2024-01-21,2024,3,7,night,36,11.55535,0,7,4
2024-01-22,2024,4,1,day,1537,392.4535,328,423,433
2024-01-22,2024,4,1,night,732,328.32371,56,336,171
2024-01-23,2024,4,2,day,1905,640.26203,373,665,480
2024-01-23,2024,4,2,night,889,397.70491,63,363,171
2024-01-24,2024,4,3,day,2042,556.1451,395,586,514
2024-01-24,2024,4,3,night,938,484.52602,53,500,175
2024-01-25,2024,4,4,day,1891,611.58917,336,596,477
2024-01-25,2024,4,4,night,1012,686.0384,26,712,154
2024-01-26,2024,4,5,day,1500,493.25944,314,530,423
2024-01-26,2024,4,5,night,552,290.24531,31,296,97
2024-01-27,2024,4,6,night,266,92.9876,1,88,52
2024-01-28,2024,4,7,night,119,28.555,0,9,3
2024-01-29,2024,5,1,day,1655,500.03307,359,517,495
2024-01-29,2024,5,1,night,610,300.63059,25,344,130
2024-01-30,2024,5,2,day,1762,458.68847,352,488,491
2024-01-30,2024,5,2,night,941,529.3922699999999,49,490,152
2024-01-31,2024,5,3,day,1963,660.31006,369,681,492
2024-01-31,2024,5,3,night,880,350.1449,30,415,136
2024-02-01,2024,5,4,day,1682,504.85723,358,524,492
2024-02-01,2024,5,4,night,925,480.21599,24,448,112
2024-02-02,2024,5,5,day,1781,505.46226,375,493,509
2024-02-02,2024,5,5,night,777,441.15098,52,451,153
2024-02-03,2024,5,6,night,338,138.8567,14,85,54
2024-02-04,2024,5,7,night,42,8.65255,10,6,6
2024-02-05,2024,6,1,day,1613,460.84490999999997,302,461,456
2024-02-05,2024,6,1,night,652,408.79708,47,391,106
2024-02-06,2024,6,2,day,1768,479.12901,381,475,494
2024-02-06,2024,6,2,night,936,409.4355,30,436,125
2024-02-07,2024,6,3,day,1707,493.99464,426,526,531
2024-02-07,2024,6,3,night,894,332.95492,77,345,191
2024-02-08,2024,6,4,day,2093,660.51834,389,558,485
2024-02-08,2024,6,4,night,865,440.76907,33,456,162
2024-02-09,2024,6,5,day,1578,392.39134,395,407,469
2024-02-09,2024,6,5,night,677,426.27488,32,439,136
2024-02-10,2024,6,6,night,292,145.71392,12,117,52
2024-02-11,2024,6,7,night,28,2.86984,0,6,6
2024-02-12,2024,7,1,day,1918,564.67259,421,677,553
2024-02-12,2024,7,1,night,694,410.53341,28,448,130
2024-02-13,2024,7,2,day,1860,594.34117,367,556,511
2024-02-13,2024,7,2,night,949,393.95196,46,423,177
2024-02-14,2024,7,3,day,1663,418.37501,395,491,546
2024-02-14,2024,7,3,night,1101,492.34086,46,552,192
2024-02-15,2024,7,4,day,1761,452.51261999999997,363,421,462
2024-02-15,2024,7,4,night,959,512.92196,43,564,148
2024-02-16,2024,7,5,day,1584,474.82954,333,470,438
2024-02-16,2024,7,5,night,755,408.73071,45,415,146
2024-02-17,2024,7,6,night,508,220.07161,14,178,46
2024-02-18,2024,7,7,night,24,16.64214,0,15,5
2024-02-19,2024,8,1,day,1694,494.05991,369,477,477
2024-02-19,2024,8,1,night,773,393.23335,35,428,136
2024-02-20,2024,8,2,day,1583,567.71559,320,643,460
2024-02-20,2024,8,2,night,1087,451.42613,105,466,210
2024-02-21,2024,8,3,day,1628,388.27575,399,468,539
2024-02-21,2024,8,3,night,978,375.0637,50,381,171
2024-02-22,2024,8,4,day,1661,498.86756,372,554,483
2024-02-22,2024,8,4,night,993,563.01992,26,595,155
2024-02-23,2024,8,5,day,1733,414.7693,366,529,494
2024-02-23,2024,8,5,night,914,512.02486,36,471,133
2024-02-24,2024,8,6,night,411,172.63926,6,191,35
2024-02-25,2024,8,7,night,60,6.04354,0,47,5
2024-02-26,2024,9,1,day,1582,363.64826,351,366,437
2024-02-26,2024,9,1,night,726,309.69349,39,312,130
2024-02-27,2024,9,2,day,1950,626.33201,394,584,503
2024-02-27,2024,9,2,night,1117,604.4236999999999,71,575,181
2024-02-28,2024,9,3,day,1896,486.2778,445,519,540
2024-02-28,2024,9,3,night,943,450.20745,57,491,169
2024-02-29,2024,9,4,day,1604,490.85051,282,505,436
2024-02-29,2024,9,4,night,983,653.9223,21,660,169
2024-03-01,2024,9,5,day,1593,551.39628,284,507,384
2024-03-01,2024,9,5,night,923,541.00637,41,523,151
2024-03-02,2024,9,6,night,397,220.6553,6,244,49
2024-03-04,2024,10,1,day,1483,458.22781,315,440,420
2024-03-04,2024,10,1,night,646,371.98772,25,393,113
2024-03-05,2024,10,2,day,1908,627.72898,368,624,500
2024-03-05,2024,10,2,night,971,335.94201,155,351,159
2024-03-06,2024,10,3,day,1844,409.43926,387,424,514
2024-03-06,2024,10,3,night,835,393.32964,50,380,162
2024-03-07,2024,10,4,day,1866,528.84026,339,554,458
2024-03-07,2024,10,4,night,1011,644.5433,47,620,169
2024-03-08,2024,10,5,day,1724,428.85996,412,486,493
2024-03-08,2024,10,5,night,856,510.20009,41,503,146
2024-03-09,2024,10,6,night,354,153.78918,4,136,36
2024-03-10,2024,10,7,night,36,32.73,0,34,5
2024-03-11,2024,11,1,day,1638,477.46484,325,533,469
2024-03-11,2024,11,1,night,624,304.31647,59,345,135
2024-03-12,2024,11,2,day,1863,514.86419,411,502,535
2024-03-12,2024,11,2,night,1084,501.10519,70,479,188
2024-03-13,2024,11,3,day,2002,508.64307,447,546,543
2024-03-13,2024,11,3,night,902,398.04645,72,461,185
2024-03-14,2024,11,4,day,1782,469.49116,338,448,448
2024-03-14,2024,11,4,night,1147,422.09816,148,535,161
2024-03-15,2024,11,5,day,1700,466.39699,374,524,495
2024-03-15,2024,11,5,night,1065,563.42056,59,585,186
2024-03-16,2024,11,6,night,380,174.74002,10,151,45
2024-03-17,2024,11,7,night,47,21.73379,0,20,10
2024-03-18,2024,12,1,day,1739,508.3502,437,550,557
2024-03-18,2024,12,1,night,921,523.7102,35,565,117
2024-03-19,2024,12,2,day,1848,597.19537,308,570,481
2024-03-19,2024,12,2,night,994,446.72675,53,437,180
2024-03-20,2024,12,3,day,1688,490.42223,397,482,471
2024-03-20,2024,12,3,night,1047,566.48035,78,675,216
2024-03-21,2024,12,4,day,1869,587.40391,306,584,483
2024-03-21,2024,12,4,night,1217,588.88451,46,636,170
2024-03-22,2024,12,5,day,1628,525.22464,391,531,478
2024-03-22,2024,12,5,night,847,484.87864,19,551,137
2024-03-23,2024,12,6,night,346,158.11237,3,166,34
2024-03-24,2024,12,7,night,34,6.63713,0,7,5
2024-03-25,2024,13,1,day,1634,565.10542,307,551,429
2024-03-25,2024,13,1,night,652,379.01135,27,402,132
2024-03-26,2024,13,2,day,1880,628.82475,300,638,460
2024-03-26,2024,13,2,night,1183,634.14087,60,674,152
2024-03-27,2024,13,3,day,1937,631.652,354,570,472
2024-03-27,2024,13,3,night,832,372.69974,46,392,153
2024-03-28,2024,13,4,day,1390,439.80492,288,483,394
2024-03-28,2024,13,4,night,876,567.22695,13,596,108
2024-03-29,2024,13,5,day,1082,423.89731,248,414,306
2024-03-29,2024,13,5,night,766,413.62315,27,456,122
2024-03-30,2024,13,6,day,121,29.7,0,56,8
2024-03-30,2024,13,6,night,260,82.53361,4,159,50
2024-04-02,2024,14,2,day,1372,419.91279000000003,301,430,413
2024-04-02,2024,14,2,night,717,419.31821,57,447,123
2024-04-03,2024,14,3,day,1794,393.43794,414,413,522
2024-04-03,2024,14,3,night,885,396.12056,63,499,174
2024-04-04,2024,14,4,day,1813,497.43965,401,491,530
2024-04-04,2024,14,4,night,946,460.17928,14,472,124
2024-04-05,2024,14,5,day,1675,408.857035,486,467,555
2024-04-05,2024,14,5,night,786,414.53647,34,410,133
2024-04-06,2024,14,6,night,460,173.85408999999999,1,202,71
2024-04-07,2024,14,7,night,3,1.006,0,2,2
2024-04-08,2024,15,1,day,1587,399.72378,417,422,537
2024-04-08,2024,15,1,night,628,319.29832,43,294,118
2024-04-09,2024,15,2,day,1744,457.00064,473,409,566
2024-04-09,2024,15,2,night,903,376.97178,44,376,180
2024-04-10,2024,15,3,day,2071,488.2763,432,502,518
2024-04-10,2024,15,3,night,820,389.06844,36,386,155
2024-04-11,2024,15,4,day,1712,490.31007,360,444,471
2024-04-11,2024,15,4,night,999,567.48476,29,494,124
2024-04-12,2024,15,5,day,1371,389.42651,301,401,417
2024-04-12,2024,15,5,night,806,441.91357,72,462,146
2024-04-13,2024,15,6,night,231,120.24556,2,121,42
2024-04-14,2024,15,7,night,32,6.59152,1,14,11
2024-04-15,2024,16,1,day,1619,458.165199,286,562,410
2024-04-15,2024,16,1,night,704,282.19053,65,345,131
2024-04-16,2024,16,2,day,1743,460.875858,401,441,505
2024-04-16,2024,16,2,night,823,371.959696,53,408,144
2024-04-17,2024,16,3,day,1913,512.85962,419,434,533
2024-04-17,2024,16,3,night,975,444.516799,32,423,170
2024-04-18,2024,16,4,day,2013,713.316432,352,681,497
2024-04-18,2024,16,4,night,969,494.26399,34,543,172
2024-04-19,2024,16,5,day,1604,445.55795,336,469,465
2024-04-19,2024,16,5,night,820,504.793708,15,476,118
2024-04-20,2024,16,6,night,380,296.74044,1,229,35
2024-04-21,2024,16,7,night,45,38.377159999999996,0,42,4
2024-04-22,2024,17,1,day,1671,493.11650000000003,381,482,478
2024-04-22,2024,17,1,night,805,400.15134,50,420,135
2024-04-23,2024,17,2,day,2097,630.691443,352,640,492
2024-04-23,2024,17,2,night,985,469.86892,41,465,157
2024-04-24,2024,17,3,day,2035,667.230538,366,664,493
2024-04-24,2024,17,3,night,985,562.99724,28,547,138
2024-04-25,2024,17,4,day,1778,655.69742,272,637,409
2024-04-25,2024,17,4,night,905,537.69924,27,628,152
2024-04-26,2024,17,5,day,1536,466.50644,345,397,457
2024-04-26,2024,17,5,night,817,277.541293,60,349,168
2024-04-27,2024,17,6,night,326,159.02998,5,154,57
2024-04-28,2024,17,7,night,26,4.88315,0,11,9
2024-04-29,2024,18,1,day,1496,471.060676,308,457,418
2024-04-29,2024,18,1,night,750,377.20935000000003,31,413,118
2024-04-30,2024,18,2,day,1284,389.52031,271,382,387
2024-04-30,2024,18,2,night,833,472.60865,36,414,130
2024-05-01,2024,18,3,night,841,441.12566,23,449,81
2024-05-02,2024,18,4,day,1408,351.48592,361,412,481
2024-05-02,2024,18,4,night,665,310.10767,92,286,155
2024-05-03,2024,18,5,day,1672,506.73209,348,564,488
2024-05-03,2024,18,5,night,839,494.83123,16,511,131
2024-05-04,2024,18,6,night,328,123.62054,2,108,55
2024-05-05,2024,18,7,night,15,5.03984,0,6,5
2024-05-06,2024,19,1,day,1253,328.49954,315,325,400
2024-05-06,2024,19,1,night,757,433.84872,38,459,131
2024-05-07,2024,19,2,day,1662,519.93104,334,495,424
2024-05-07,2024,19,2,night,864,384.55644,62,370,177
2024-05-08,2024,19,3,day,1428,457.89679,303,472,383
2024-05-08,2024,19,3,night,936,518.86716,39,599,139
2024-05-09,2024,19,4,day,1447,417.31121,352,423,412
2024-05-09,2024,19,4,night,896,439.19241,35,401,125
2024-05-10,2024,19,5,day,1129,388.99377,234,404,317
2024-05-10,2024,19,5,night,617,325.15324,33,355,117
2024-05-11,2024,19,6,night,265,119.95474,7,111,31
2024-05-12,2024,19,7,night,22,17.60354,0,22,1
2024-05-13,2024,20,1,day,1205,354.53961,275,373,378
2024-05-13,2024,20,1,night,714,306.76448,32,323,120
2024-05-14,2024,20,2,day,1581,390.91876,341,380,429
2024-05-14,2024,20,2,night,986,566.32766,49,555,136
2024-05-15,2024,20,3,day,1422,399.53122,323,384,416
2024-05-15,2024,20,3,night,1028,483.37221999999997,56,507,164
2024-05-16,2024,20,4,day,1543,526.66146,305,441,384
2024-05-16,2024,20,4,night,1118,557.64442,37,626,173
2024-05-17,2024,20,5,day,1493,433.55078199999997,295,462,390
2024-05-17,2024,20,5,night,1160,717.9343259999999,26,680,154
2024-05-18,2024,20,6,night,401,201.46442,9,209,77
2024-05-19,2024,20,7,night,42,36.6323,0,42,3
2024-05-20,2024,21,1,day,1327,467.506052,255,392,349
2024-05-20,2024,21,1,night,588,343.86278,27,393,120
2024-05-21,2024,21,2,day,1627,536.271782,298,535,430
2024-05-21,2024,21,2,night,958,548.07569,27,548,144
2024-05-22,2024,21,3,day,1670,485.796576,374,506,468
2024-05-22,2024,21,3,night,1085,685.220758,29,726,135
2024-05-23,2024,21,4,day,1622,426.38105,336,454,481
2024-05-23,2024,21,4,night,1172,580.680266,63,619,200
2024-05-24,2024,21,5,day,1389,378.204264,389,489,466
2024-05-24,2024,21,5,night,810,377.689708,37,342,144
2024-05-25,2024,21,6,night,221,107.941648,8,96,36
2024-05-26,2024,21,7,night,61,59.50808,0,61,4
2024-05-27,2024,22,1,day,1170,318.906732,315,302,391
2024-05-27,2024,22,1,night,356,175.165624,25,177,102
2024-05-28,2024,22,2,day,1961,536.635382,460,419,549
2024-05-28,2024,22,2,night,840,432.280916,69,430,150
2024-05-29,2024,22,3,day,2442,687.596804,476,680,614
2024-05-29,2024,22,3,night,560,417.71358,9,405,65
2024-05-30,2024,22,4,day,1431,393.265524,374,410,407
2024-05-30,2024,22,4,night,681,314.699016,29,324,129
2024-05-31,2024,22,5,day,1540,420.969018,303,440,402
2024-05-31,2024,22,5,night,766,486.947898,43,480,155
2024-06-01,2024,22,6,night,268,188.27031,0,192,42
2024-06-02,2024,22,7,night,85,72.7924,0,85,6
2024-06-03,2024,23,1,day,1727,594.449128,362,551,448
2024-06-03,2024,23,1,night,692,414.20141,28,450,95
2024-06-04,2024,23,2,day,1571,442.610686,337,414,412
2024-06-04,2024,23,2,night,679,308.682144,54,277,112
2024-06-05,2024,23,3,day,1599,454.9161,373,434,468
2024-06-05,2024,23,3,night,995,504.956888,67,507,176
2024-06-06,2024,23,4,day,1989,595.347768,371,628,492
2024-06-06,2024,23,4,night,943,571.628342,33,653,140
2024-06-07,2024,23,5,day,1551,388.226528,401,427,463
2024-06-07,2024,23,5,night,708,340.319358,36,333,127
2024-06-08,2024,23,6,night,340,159.013,0,169,42
2024-06-09,2024,23,7,night,96,29.34986,6,30,6
2024-06-10,2024,24,1,day,1579,489.697884,358,498,440
2024-06-10,2024,24,1,night,627,329.03056,44,395,125
2024-06-11,2024,24,2,day,1918,431.65178000000003,399,403,493
2024-06-11,2024,24,2,night,820,324.72529,103,354,162
2024-06-12,2024,24,3,day,1978,634.815396,366,589,472
2024-06-12,2024,24,3,night,960,502.094326,33,466,148
2024-06-13,2024,24,4,day,1908,516.52321,312,696,450
2024-06-13,2024,24,4,night,756,386.723584,63,393,129
2024-06-14,2024,24,5,day,1630,481.123796,338,601,456
2024-06-14,2024,24,5,night,809,496.166308,20,444,153
2024-06-15,2024,24,6,night,242,172.18128000000002,8,161,44
2024-06-16,2024,24,7,night,34,16.823439999999998,0,16,3
2024-06-17,2024,25,1,day,1477,435.318884,347,433,423
2024-06-17,2024,25,1,night,696,385.765422,42,454,135
2024-06-18,2024,25,2,day,1555,480.989554,340,427,441
2024-06-18,2024,25,2,night,1129,568.13164,34,555,177
2024-06-19,2024,25,3,day,1788,509.028234,363,568,486
2024-06-19,2024,25,3,night,837,463.813776,55,412,160
2024-06-20,2024,25,4,day,1760,514.532804,337,480,448
2024-06-20,2024,25,4,night,708,439.014374,23,456,120
2024-06-21,2024,25,5,day,1430,417.085318,310,421,409
2024-06-21,2024,25,5,night,818,533.04709,63,564,171
2024-06-22,2024,25,6,night,320,156.78185,1,146,53
2024-06-23,2024,25,7,night,46,5.729,0,28,4
2024-06-24,2024,26,1,day,1485,453.339598,327,440,435
2024-06-24,2024,26,1,night,701,435.566558,63,421,115
2024-06-25,2024,26,2,day,1653,537.667662,321,535,452
2024-06-25,2024,26,2,night,1271,732.366404,61,692,142
2024-06-26,2024,26,3,day,1828,515.843418,372,529,451
2024-06-26,2024,26,3,night,1290,627.261206,107,602,225
2024-06-27,2024,26,4,day,1470,425.135304,316,450,412
2024-06-27,2024,26,4,night,911,476.268466,35,522,144
2024-06-28,2024,26,5,day,1400,376.007752,295,420,410
2024-06-28,2024,26,5,night,897,490.695548,40,528,152
2024-06-29,2024,26,6,night,475,177.71076,0,193,59
2024-06-30,2024,26,7,night,72,63.77344,0,72,5
2024-07-01,2024,27,1,day,1364,440.8725,307,445,425
2024-07-01,2024,27,1,night,719,346.940414,44,353,121
2024-07-02,2024,27,2,day,1571,461.033944,277,460,399
2024-07-02,2024,27,2,night,845,413.840316,43,443,153
2024-07-03,2024,27,3,day,1598,494.3984,340,468,444
2024-07-03,2024,27,3,night,1088,512.351244,25,566,172
2024-07-04,2024,27,4,day,1391,308.9245,379,338,481
2024-07-04,2024,27,4,night,760,425.482964,32,419,140
2024-07-05,2024,27,5,day,1225,288.678286,332,269,351
2024-07-05,2024,27,5,night,750,375.706902,46,359,131
2024-07-07,2024,27,7,night,55,35.060564,7,38,6
2024-07-08,2024,28,1,day,1408,487.23508,301,510,376
2024-07-08,2024,28,1,night,550,344.983816,21,361,83
2024-07-09,2024,28,2,day,1471,430.946458,288,444,429
2024-07-09,2024,28,2,night,722,343.59164,73,330,130
2024-07-10,2024,28,3,day,1752,415.622014,393,412,476
2024-07-10,2024,28,3,night,1023,474.21168,72,505,181
2024-07-11,2024,28,4,day,1628,484.91835,292,547,401
2024-07-11,2024,28,4,night,936,416.93978,18,570,110
2024-07-12,2024,28,5,day,1428,283.564262,419,341,495
2024-07-12,2024,28,5,night,598,264.36447599999997,42,249,120
2024-07-13,2024,28,6,night,339,115.91623,6,104,36
2024-07-14,2024,28,7,night,59,51.64348,0,56,5
2024-07-15,2024,29,1,day,1522,408.733062,448,385,538
2024-07-15,2024,29,1,night,534,274.03101,46,298,119
2024-07-16,2024,29,2,day,1683,570.614388,287,560,410
2024-07-16,2024,29,2,night,1055,487.106734,52,480,153
2024-07-17,2024,29,3,day,1590,420.708486,335,478,431
2024-07-17,2024,29,3,night,992,564.36702,36,549,147
2024-07-18,2024,29,4,day,1242,373.651396,263,405,363
2024-07-18,2024,29,4,night,867,502.60993,15,526,118
2024-07-19,2024,29,5,day,204,62.943508,49,47,56
2024-07-19,2024,29,5,night,150,71.583648,12,92,44
2024-07-20,2024,29,6,night,66,39.551919999999996,11,43,16
2024-07-22,2024,30,1,day,1230,374.708096,312,404,402
2024-07-22,2024,30,1,night,423,204.67687,42,185,76
2024-07-23,2024,30,2,day,1618,434.868892,369,426,440
2024-07-23,2024,30,2,night,771,359.202186,19,369,147
2024-07-24,2024,30,3,day,1850,505.595768,433,510,482
2024-07-24,2024,30,3,night,756,371.785518,31,408,152
2024-07-25,2024,30,4,day,1427,454.67769,263,465,409
2024-07-25,2024,30,4,night,825,432.920602,47,511,186
2024-07-26,2024,30,5,day,1438,429.173272,257,421,346
2024-07-26,2024,30,5,night,650,273.281174,33,347,143
2024-07-27,2024,30,6,night,218,133.044416,2,125,19
2024-07-28,2024,30,7,night,31,0.18284,18,1,12
2024-07-29,2024,31,1,day,1021,243.21391,202,249,299
2024-07-29,2024,31,1,night,474,249.697226,17,235,91
2024-07-30,2024,31,2,day,1261,327.05527,215,303,309
2024-07-30,2024,31,2,night,632,298.027652,45,325,112
2024-07-31,2024,31,3,day,1427,381.025364,260,366,342
2024-07-31,2024,31,3,night,1023,488.84224,25,521,96
2024-08-01,2024,31,4,day,1124,262.23454,290,288,346
2024-08-01,2024,31,4,night,681,398.503854,16,446,98
2024-08-02,2024,31,5,day,1457,390.953688,365,361,411
2024-08-02,2024,31,5,night,391,199.192802,22,204,89
2024-08-03,2024,31,6,night,309,131.99964,2,186,42
2024-08-05,2024,32,1,day,1161,348.863582,260,345,347
2024-08-05,2024,32,1,night,421,285.23384,16,255,45
2024-08-06,2024,32,2,day,1369,315.640788,324,345,414
2024-08-06,2024,32,2,night,718,292.645818,42,253,99
2024-08-07,2024,32,3,day,1455,418.30367,298,406,370
2024-08-07,2024,32,3,night,765,253.939892,54,224,111
2024-08-08,2024,32,4,day,1353,439.09083,238,422,301
2024-08-08,2024,32,4,night,561,222.047058,24,289,78
2024-08-09,2024,32,5,day,1185,321.85869,264,374,350
2024-08-09,2024,32,5,night,474,207.85657799999998,33,217,91
2024-08-10,2024,32,6,night,235,122.74712000000001,0,132,25
2024-08-12,2024,33,1,day,851,260.093672,195,234,240
2024-08-12,2024,33,1,night,449,215.693256,21,226,82
2024-08-13,2024,33,2,day,1546,359.41885,389,395,465
2024-08-13,2024,33,2,night,564,252.184716,25,244,95
2024-08-14,2024,33,3,day,1355,368.943174,272,327,343
2024-08-14,2024,33,3,night,640,176.476894,34,215,124
2024-08-15,2024,33,4,day,1169,330.307642,219,333,310
2024-08-15,2024,33,4,night,571,236.27926,25,226,88
2024-08-16,2024,33,5,day,985,373.57481,175,369,248
2024-08-16,2024,33,5,night,529,289.882564,41,318,99
2024-08-17,2024,33,6,night,88,57.78727,0,51,16
2024-08-19,2024,34,1,day,1297,368.196542,315,398,374
2024-08-19,2024,34,1,night,387,155.48645,32,141,78
2024-08-20,2024,34,2,day,1286,312.870308,361,302,408
2024-08-20,2024,34,2,night,642,309.083384,32,326,97
2024-08-21,2024,34,3,day,1212,307.54572,342,337,420
2024-08-21,2024,34,3,night,751,333.697572,84,321,169
2024-08-22,2024,34,4,day,1359,401.266502,319,341,370
2024-08-22,2024,34,4,night,487,210.47129,23,279,88
2024-08-23,2024,34,5,day,1158,260.075146,387,303,434
2024-08-23,2024,34,5,night,531,297.30931,34,301,76
2024-08-24,2024,34,6,night,142,66.29975,2,89,17
2024-08-25,2024,34,7,night,13,2.4499999999999997,0,3,2
2024-08-26,2024,35,1,day,1285,352.120264,269,351,399
2024-08-26,2024,35,1,night,414,213.82142,24,197,85
2024-08-27,2024,35,2,day,1460,371.521034,300,367,432
2024-08-27,2024,35,2,night,601,276.443922,45,287,112
2024-08-28,2024,35,3,day,1878,547.804594,393,623,502
2024-08-28,2024,35,3,night,704,280.42481,55,326,143
2024-08-29,2024,35,4,day,1615,497.11707,280,462,394
2024-08-29,2024,35,4,night,812,450.546006,41,489,140
2024-08-30,2024,35,5,day,1589,637.977748,253,577,394
2024-08-30,2024,35,5,night,686,354.68329,62,427,140
2024-08-31,2024,35,6,night,218,131.04382999999999,0,130,35
2024-09-02,2024,36,1,day,1550,446.977716,298,475,444
2024-09-02,2024,36,1,night,487,279.15274999999997,30,284,89
2024-09-03,2024,36,2,day,1755,450.207842,297,473,401
2024-09-03,2024,36,2,night,738,304.463962,78,319,170
2024-09-04,2024,36,3,day,1872,484.270714,346,552,516
2024-09-04,2024,36,3,night,731,329.833558,55,358,148
2024-09-05,2024,36,4,day,2438,728.258764,452,762,577
2024-09-05,2024,36,4,night,924,453.44558,37,432,136
2024-09-06,2024,36,5,day,1657,504.29693000000003,420,572,521
2024-09-06,2024,36,5,night,750,403.79794,20,422,147
2024-09-07,2024,36,6,night,365,240.84387999999998,6,251,39
2024-09-08,2024,36,7,night,23,23.285,0,21,2
2024-09-09,2024,37,1,day,1752,574.087496,378,578,474
2024-09-09,2024,37,1,night,609,359.70446,25,380,103
2024-09-10,2024,37,2,day,1620,517.297366,327,504,451
2024-09-10,2024,37,2,night,824,341.832294,45,318,139
2024-09-11,2024,37,3,day,1803,676.108328,331,615,418
2024-09-11,2024,37,3,night,755,327.186204,65,356,119
2024-09-12,2024,37,4,day,1724,493.213906,295,497,413
2024-09-12,2024,37,4,night,593,328.505834,14,342,115
2024-09-13,2024,37,5,day,1511,393.108776,406,497,517
2024-09-13,2024,37,5,night,639,327.11968,29,342,114
2024-09-14,2024,37,6,night,376,114.79714,34,104,50
2024-09-16,2024,38,1,day,1459,469.685034,309,446,454
2024-09-16,2024,38,1,night,365,188.748786,19,227,69
2024-09-17,2024,38,2,day,1819,566.562228,377,511,514
2024-09-17,2024,38,2,night,744,343.547422,62,332,130
2024-09-18,2024,38,3,day,2020,633.455952,380,619,498
2024-09-18,2024,38,3,night,789,429.980724,31,464,129
2024-09-19,2024,38,4,day,1749,574.3964,305,584,439
2024-09-19,2024,38,4,night,571,267.934418,40,279,124
2024-09-20,2024,38,5,day,2130,754.700724,381,819,544
2024-09-20,2024,38,5,night,663,411.888576,18,469,92
2024-09-21,2024,38,6,night,208,148.13151,1,161,34
2024-09-22,2024,38,7,night,45,21.69285,0,39,24
2024-09-23,2024,39,1,day,1780,754.310894,293,732,468
2024-09-23,2024,39,1,night,813,358.289874,51,354,150
2024-09-24,2024,39,2,day,1843,616.07177,291,603,451
2024-09-24,2024,39,2,night,1139,520.721422,91,537,162
2024-09-25,2024,39,3,day,1894,585.534476,317,616,485
2024-09-25,2024,39,3,night,1051,510.33985,35,595,183
2024-09-26,2024,39,4,day,1674,519.611096,269,554,414
2024-09-26,2024,39,4,night,847,539.544584,17,552,125
2024-09-27,2024,39,5,day,1455,433.643958,305,469,446
2024-09-27,2024,39,5,night,827,423.900952,45,445,182
2024-09-28,2024,39,6,night,382,201.22639,0,241,70
2024-09-29,2024,39,7,night,5,4.611000000000001,0,5,1
2024-09-30,2024,40,1,day,1389,359.777808,318,371,431
2024-09-30,2024,40,1,night,730,292.93852,41,291,99
2024-10-01,2024,40,2,day,1319,356.662024,349,381,460
2024-10-01,2024,40,2,night,723,242.01762,61,265,128
2024-10-02,2024,40,3,day,1472,411.63497,389,428,462
2024-10-02,2024,40,3,night,915,361.37496799999997,79,348,165
2024-10-03,2024,40,4,day,1567,544.918,291,513,413
2024-10-03,2024,40,4,night,861,372.23897999999997,66,402,221
2024-10-04,2024,40,5,day,1663,504.651806,390,489,510
2024-10-04,2024,40,5,night,826,451.416822,41,471,151
2024-10-05,2024,40,6,night,438,328.97636,0,316,58
2024-10-06,2024,40,7,night,68,20.293,1,32,5
2024-10-07,2024,41,1,day,1195,375.436726,273,344,381
2024-10-07,2024,41,1,night,688,224.535672,90,282,166
2024-10-08,2024,41,2,day,1723,481.70752,303,439,446
2024-10-08,2024,41,2,night,948,385.053128,80,404,201
2024-10-09,2024,41,3,day,1932,573.048498,421,604,559
2024-10-09,2024,41,3,night,1146,485.230926,80,507,195
2024-10-10,2024,41,4,day,2046,393.550422,511,430,624
2024-10-10,2024,41,4,night,818,295.18976399999997,66,384,169
2024-10-11,2024,41,5,day,1401,363.330746,366,431,494
2024-10-11,2024,41,5,night,894,453.98022,53,494,185
2024-10-12,2024,41,6,night,425,153.570336,15,199,95
2024-10-13,2024,41,7,night,28,17.019000000000002,0,24,2
2024-10-14,2024,42,1,day,1967,640.194078,375,584,496
2024-10-14,2024,42,1,night,869,448.11764,57,569,135
2024-10-15,2024,42,2,day,1851,459.329218,319,417,442
2024-10-15,2024,42,2,night,980,477.112554,46,497,165
2024-10-16,2024,42,3,day,1701,452.964118,414,472,551
2024-10-16,2024,42,3,night,882,379.170826,58,423,186
2024-10-17,2024,42,4,day,1725,572.528208,313,518,439
2024-10-17,2024,42,4,night,963,364.38227,38,389,191
2024-10-18,2024,42,5,day,1709,568.236328,340,521,461
2024-10-18,2024,42,5,night,791,528.378472,19,494,118
2024-10-19,2024,42,6,night,293,95.32385000000001,2,92,40
2024-10-20,2024,42,7,night,7,3.1109999999999998,0,3,3
2024-10-21,2024,43,1,day,1390,395.27218799999997,342,434,461
2024-10-21,2024,43,1,night,605,403.676716,24,428,92
2024-10-22,2024,43,2,day,1763,480.351192,350,507,480
2024-10-22,2024,43,2,night,778,333.785342,47,343,131
2024-10-23,2024,43,3,day,1808,497.185888,397,459,529
2024-10-23,2024,43,3,night,950,465.299022,32,475,146
2024-10-24,2024,43,4,day,1453,455.22038599999996,282,437,404
2024-10-24,2024,43,4,night,615,327.857856,27,320,109
2024-10-25,2024,43,5,day,1338,358.911104,300,372,435
2024-10-25,2024,43,5,night,596,293.583642,43,288,108
2024-10-26,2024,43,6,night,119,35.76006,14,39,34
2024-10-28,2024,44,1,day,1380,428.780456,329,454,422
2024-10-28,2024,44,1,night,526,263.550714,32,228,80
2024-10-29,2024,44,2,day,2086,657.3509,362,609,496
2024-10-29,2024,44,2,night,722,361.249536,32,409,131
2024-10-30,2024,44,3,day,1832,492.476406,341,458,454
2024-10-30,2024,44,3,night,682,292.093122,42,331,125
2024-10-31,2024,44,4,day,1697,540.834414,383,549,522
2024-10-31,2024,44,4,night,887,493.31218,24,448,136
2024-11-01,2024,44,5,day,1514,555.879835,323,590,445
2024-11-01,2024,44,5,night,694,382.295514,20,407,112
2024-11-02,2024,44,6,night,107,87.508,0,96,12
2024-11-04,2024,45,1,day,1479,470.865536,310,464,417
2024-11-04,2024,45,1,night,490,232.387226,40,242,93
2024-11-05,2024,45,2,day,1757,536.844519,355,536,463
2024-11-05,2024,45,2,night,661,286.066034,68,320,144
2024-11-06,2024,45,3,day,1191,355.967068,243,330,326
2024-11-06,2024,45,3,night,659,364.209509,40,398,104
2024-11-07,2024,45,4,day,1806,470.375028,382,444,498
2024-11-07,2024,45,4,night,590,273.000836,54,313,127
2024-11-08,2024,45,5,day,1561,363.66355,392,371,480
2024-11-08,2024,45,5,night,593,245.971966,44,308,145
2024-11-09,2024,45,6,night,329,286.74345999999997,0,264,29
2024-11-11,2024,46,1,day,1527,481.239212,322,531,468
2024-11-11,2024,46,1,night,571,428.02123,22,412,102
2024-11-12,2024,46,2,day,1696,471.291354,301,477,484
2024-11-12,2024,46,2,night,1001,576.63611,40,562,151
2024-11-13,2024,46,3,day,2069,537.713026,400,568,519
2024-11-13,2024,46,3,night,788,377.54054,52,340,146
2024-11-14,2024,46,4,day,1721,486.46317799999997,375,526,507
2024-11-14,2024,46,4,night,766,395.52124,30,436,109
2024-11-15,2024,46,5,day,1589,425.475454,340,511,423
2024-11-15,2024,46,5,night,705,413.623292,18,383,116
2024-11-16,2024,46,6,night,393,197.293644,16,265,58
2024-11-18,2024,47,1,day,1615,448.773694,319,451,422
2024-11-18,2024,47,1,night,454,247.24958,29,273,83
2024-11-19,2024,47,2,day,1849,511.052684,375,505,485
2024-11-19,2024,47,2,night,841,426.080786,65,397,147
2024-11-20,2024,47,3,day,2371,487.064768,568,495,597
2024-11-20,2024,47,3,night,886,307.49884,104,369,207
2024-11-21,2024,47,4,day,1879,571.65131,340,527,479
2024-11-21,2024,47,4,night,827,443.32050599999997,50,448,120
2024-11-22,2024,47,5,day,1716,450.58459,419,513,527
2024-11-22,2024,47,5,night,684,374.232884,42,370,104
2024-11-23,2024,47,6,night,272,82.28018,7,157,34
2024-11-25,2024,48,1,day,1512,492.644302,316,536,462
2024-11-25,2024,48,1,night,529,346.7688,28,362,96
2024-11-26,2024,48,2,day,1690,465.587126,403,481,553
2024-11-26,2024,48,2,night,694,344.01241,45,323,143
2024-11-27,2024,48,3,day,2107,603.12088,388,660,536
2024-11-27,2024,48,3,night,800,456.07871,27,451,137
2024-11-28,2024,48,4,day,1901,572.750982,370,566,524
2024-11-28,2024,48,4,night,698,381.45358600000003,33,448,138
2024-11-29,2024,48,5,day,1660,414.688936,397,522,546
2024-11-29,2024,48,5,night,745,447.444864,31,496,137
2024-11-30,2024,48,6,night,383,248.95336,18,252,45
2024-12-01,2024,48,7,night,37,15.572,0,29,6
2024-12-02,2024,49,1,day,1898,554.569062,329,608,507
2024-12-02,2024,49,1,night,602,333.691898,27,377,105
2024-12-03,2024,49,2,day,1867,502.126762,330,528,524
2024-12-03,2024,49,2,night,767,458.757492,40,453,138
2024-12-04,2024,49,3,day,2017,647.937758,408,672,530
2024-12-04,2024,49,3,night,707,380.715376,32,361,150
2024-12-05,2024,49,4,day,2138,631.761012,329,637,504
2024-12-05,2024,49,4,night,745,390.010528,38,447,140
2024-12-06,2024,49,5,day,2061,661.522052,304,796,470
2024-12-06,2024,49,5,night,695,352.42438,17,472,107
2024-12-07,2024,49,6,night,273,158.12516,1,154,26
2024-12-09,2024,50,1,day,1868,619.707744,344,593,505
2024-12-09,2024,50,1,night,513,251.53884,58,259,96
2024-12-10,2024,50,2,day,1925,647.962616,347,631,528
2024-12-10,2024,50,2,night,862,474.894168,61,494,124
2024-12-11,2024,50,3,day,1826,443.205368,375,562,560
2024-12-11,2024,50,3,night,859,567.54981,55,576,96
2024-12-12,2024,50,4,day,1904,667.496524,346,648,483
2024-12-12,2024,50,4,night,564,284.438898,37,283,91
2024-12-13,2024,50,5,day,1805,463.726858,399,524,541
2024-12-13,2024,50,5,night,550,233.96733,25,244,80
2024-12-14,2024,50,6,night,97,69.85978,2,61,13
2024-12-15,2024,50,7,night,63,20.4086,1,31,18
2024-12-16,2024,51,1,day,1967,610.531458,385,675,562
2024-12-16,2024,51,1,night,564,305.46935,22,292,101
2024-12-17,2024,51,2,day,1820,494.119904,409,550,527
2024-12-17,2024,51,2,night,566,208.38215,24,268,96
2024-12-18,2024,51,3,day,1555,683.76382,151,809,312
2024-12-18,2024,51,3,night,500,327.16009,22,324,77
2024-12-19,2024,51,4,day,717,338.341838,101,333,154
2024-12-19,2024,51,4,night,252,106.82402,14,100,36
2024-12-20,2024,51,5,day,351,131.41922,49,136,90
2024-12-20,2024,51,5,night,105,54.43109,8,51,19
2024-12-23,2024,52,1,day,291,102.495,10,119,24
2024-12-27,2024,52,5,day,343,95.95989,24,128,51
2024-12-27,2024,52,5,night,54,12.661999999999999,0,2,2
2024-12-29,2024,52,7,day,6,0.01184,6,0,6
2024-12-30,2025,1,1,day,551,26.211614,252,36,242
2025-01-01,2025,1,3,day,16,0.11744,1,0,1
2025-01-01,2025,1,3,night,78,16.92672,31,18,24
2025-01-02,2025,1,4,day,1934,471.811858,373,561,540
2025-01-02,2025,1,4,night,820,248.49024,78,312,154
2025-01-03,2025,1,5,day,1998,850.953802,228,788,411
2025-01-03,2025,1,5,night,799,503.610544,25,432,141
2025-01-04,2025,1,6,night,318,195.29452,0,216,49
2025-01-05,2025,1,7,night,128,47.191539999999996,12,46,13
2025-01-06,2025,2,1,day,1611,715.833846,241,644,317
2025-01-06,2025,2,1,night,496,239.84,28,290,81
2025-01-07,2025,2,2,day,1348,497.262322,204,438,318
2025-01-07,2025,2,2,night,659,336.809682,20,326,92
2025-01-08,2025,2,3,day,1947,680.418082,316,657,435
2025-01-08,2025,2,3,night,606,359.344776,12,362,75
2025-01-09,2025,2,4,day,1650,545.09418,293,518,415
2025-01-09,2025,2,4,night,351,204.95898,25,221,66
2025-01-10,2025,2,5,day,1317,368.677366,295,389,389
2025-01-10,2025,2,5,night,403,251.539026,17,266,70
2025-01-11,2025,2,6,night,67,41.96938,0,44,7
2025-01-13,2025,3,1,day,1612,460.439792,348,466,461
2025-01-13,2025,3,1,night,555,329.55163799999997,30,292,99
2025-01-14,2025,3,2,day,1495,404.641096,358,407,449
2025-01-14,2025,3,2,night,613,248.579082,39,254,124
2025-01-15,2025,3,3,day,1688,503.37372799999997,372,487,478
2025-01-15,2025,3,3,night,615,303.965446,36,343,123
2025-01-16,2025,3,4,day,2039,592.657828,354,667,500
2025-01-16,2025,3,4,night,942,527.644716,39,547,139
2025-01-17,2025,3,5,day,1673,505.720464,327,542,488
2025-01-17,2025,3,5,night,880,562.16016,43,555,135
2025-01-18,2025,3,6,night,74,33.78034,1,56,20
2025-01-20,2025,4,1,day,1487,459.551238,289,457,450
2025-01-20,2025,4,1,night,312,181.52916,13,160,64
2025-01-21,2025,4,2,day,1703,561.553966,312,580,501
2025-01-21,2025,4,2,night,759,402.487218,39,376,132
2025-01-22,2025,4,3,day,1937,593.990914,437,591,542
2025-01-22,2025,4,3,night,815,416.10121,30,413,126
2025-01-23,2025,4,4,day,2016,519.000552,498,537,590
2025-01-23,2025,4,4,night,1047,294.09469,138,246,153
2025-01-24,2025,4,5,day,1470,413.41787,361,481,443
2025-01-24,2025,4,5,night,944,504.318476,35,504,140
2025-01-25,2025,4,6,night,127,79.603722,3,82,23
2025-01-27,2025,5,1,day,1468,441.400554,374,445,478
2025-01-27,2025,5,1,night,339,129.5929,44,134,89
2025-01-28,2025,5,2,day,2032,511.853326,514,502,591
2025-01-28,2025,5,2,night,970,449.145964,74,451,178
2025-01-29,2025,5,3,day,1977,544.516198,501,553,610
2025-01-29,2025,5,3,night,1220,532.78945,78,550,210
2025-01-30,2025,5,4,day,1870,479.706978,385,507,497
2025-01-30,2025,5,4,night,982,446.52457,106,478,188
2025-01-31,2025,5,5,day,1472,374.921502,319,445,448
2025-01-31,2025,5,5,night,907,446.71313399999997,46,464,141
2025-02-01,2025,5,6,night,514,271.27982,16,321,71
2025-02-02,2025,5,7,night,17,9.91873,0,7,3
2025-02-03,2025,6,1,day,1692,536.091734,371,546,487
2025-02-03,2025,6,1,night,646,235.937758,88,263,166
2025-02-04,2025,6,2,day,1625,479.098464,365,491,497
2025-02-04,2025,6,2,night,1056,511.516154,88,527,210
2025-02-05,2025,6,3,day,1727,530.063048,339,534,450
2025-02-05,2025,6,3,night,974,454.64858399999997,69,455,177
2025-02-06,2025,6,4,day,1724,542.196892,294,532,419
2025-02-06,2025,6,4,night,1098,469.17507,64,539,183
2025-02-07,2025,6,5,day,1529,410.711596,307,471,416
2025-02-07,2025,6,5,night,945,426.209885,48,423,135
2025-02-08,2025,6,6,night,266,121.22061,10,102,40
2025-02-10,2025,7,1,day,1566,443.55092,356,474,474
2025-02-10,2025,7,1,night,730,309.664264,93,341,169
2025-02-11,2025,7,2,day,1526,409.48129,365,446,481
2025-02-11,2025,7,2,night,1065,565.790938,68,560,179
2025-02-12,2025,7,3,day,1690,483.044032,326,515,492
2025-02-12,2025,7,3,night,1051,565.396846,72,525,189
2025-02-13,2025,7,4,day,1611,486.950432,306,417,446
2025-02-13,2025,7,4,night,900,488.356116,45,482,162
2025-02-14,2025,7,5,day,1576,492.939134,315,477,426
2025-02-14,2025,7,5,night,897,463.11894,56,551,149
2025-02-15,2025,7,6,night,116,53.63145,5,56,12
2025-02-17,2025,8,1,day,1488,450.369744,305,487,435
2025-02-17,2025,8,1,night,683,395.54093,19,418,110
2025-02-18,2025,8,2,day,1748,544.473866,284,565,450
2025-02-18,2025,8,2,night,895,411.5816,40,425,146
2025-02-19,2025,8,3,day,1920,616.41811,334,648,473
2025-02-19,2025,8,3,night,1003,488.32842999999997,64,498,190
2025-02-20,2025,8,4,day,1553,505.05682,283,497,428
2025-02-20,2025,8,4,night,1131,709.31592,46,654,159
2025-02-21,2025,8,5,day,1528,435.174046,416,435,497
2025-02-21,2025,8,5,night,784,438.01558,51,491,154
2025-02-22,2025,8,6,night,337,214.98068,4,222,36
2025-02-24,2025,9,1,day,1586,433.13918,363,418,481
2025-02-24,2025,9,1,night,795,458.24855,36,443,138
2025-02-25,2025,9,2,day,2175,593.67809,433,681,575
2025-02-25,2025,9,2,night,838,361.87913,81,402,164
2025-02-26,2025,9,3,day,1934,632.27347,369,611,488
2025-02-26,2025,9,3,night,981,529.50189,70,573,183
2025-02-27,2025,9,4,day,1682,492.85664,354,503,472
2025-02-27,2025,9,4,night,855,538.81495,31,559,127
2025-02-28,2025,9,5,day,1496,436.64958,309,474,422
2025-02-28,2025,9,5,night,720,459.47646,32,474,131
2025-03-01,2025,9,6,night,231,168.22339,3,144,28
2025-03-03,2025,10,1,day,1515,495.49253,307,481,444
2025-03-03,2025,10,1,night,632,357.43677,26,376,125
2025-03-04,2025,10,2,day,1968,584.26423,457,553,537
2025-03-04,2025,10,2,night,853,331.43955,73,383,123
2025-03-05,2025,10,3,day,1922,569.04553,335,597,465
2025-03-05,2025,10,3,night,816,468.64065999999997,30,496,135
2025-03-06,2025,10,4,day,2158,668.73891,381,647,504
2025-03-06,2025,10,4,night,898,410.30783,60,434,150
2025-03-07,2025,10,5,day,1662,484.54068,344,586,474
2025-03-07,2025,10,5,night,810,386.75997,31,416,151
2025-03-08,2025,10,6,night,432,369.5493,1,388,43
2025-03-10,2025,11,1,day,1759,559.77893,392,578,533
2025-03-10,2025,11,1,night,763,392.18883999999997,44,435,119
2025-03-11,2025,11,2,day,1745,473.99273,402,458,531
2025-03-11,2025,11,2,night,810,350.59787,53,374,141
2025-03-12,2025,11,3,day,1823,575.13474,341,583,482
2025-03-12,2025,11,3,night,1104,575.5627499999999,55,558,164
2025-03-13,2025,11,4,day,1853,496.58474,382,458,573
2025-03-13,2025,11,4,night,1049,588.1911699999999,48,617,159
2025-03-14,2025,11,5,day,1579,427.42417,307,497,497
2025-03-14,2025,11,5,night,722,373.07876,33,410,124
2025-03-15,2025,11,6,night,252,217.97064,0,204,21
2025-03-17,2025,12,1,day,1776,459.80412,387,511,552
2025-03-17,2025,12,1,night,725,369.55392,58,403,152
2025-03-18,2025,12,2,day,2145,485.69477,440,489,614
2025-03-18,2025,12,2,night,1314,541.81761,102,529,205
2025-03-19,2025,12,3,day,1845,536.64799,406,546,524
2025-03-19,2025,12,3,night,998,428.44724,95,469,195
2025-03-20,2025,12,4,day,2086,610.79434,407,570,489
2025-03-20,2025,12,4,night,907,443.62046,38,491,142
2025-03-21,2025,12,5,day,1756,494.0179,382,511,471
2025-03-21,2025,12,5,night,829,475.40425,56,463,141
2025-03-22,2025,12,6,night,330,211.20365999999999,6,269,30
2025-03-23,2025,12,7,night,27,1.944,0,27,1
2025-03-24,2025,13,1,day,1890,499.28123,511,523,605
2025-03-24,2025,13,1,night,734,318.00308,57,343,122
2025-03-25,2025,13,2,day,1923,507.37943,449,516,576
2025-03-25,2025,13,2,night,912,381.99108,107,364,174
2025-03-26,2025,13,3,day,1951,584.29392,466,605,630
2025-03-26,2025,13,3,night,1017,489.829562,68,509,194
2025-03-27,2025,13,4,day,1915,667.80499,368,684,488
2025-03-27,2025,13,4,night,1098,626.98723,62,683,174
2025-03-28,2025,13,5,day,1946,413.88673,446,447,526
2025-03-28,2025,13,5,night,916,544.62386,50,546,161
2025-03-29,2025,13,6,night,383,207.52146,5,184,47
2025-03-30,2025,13,7,night,6,0.46799999999999997,0,2,1
2025-03-31,2025,14,1,day,1887,663.05284,361,560,466
2025-03-31,2025,14,1,night,779,304.63954,90,301,125
2025-04-01,2025,14,2,day,1995,696.61623,357,619,503
2025-04-01,2025,14,2,night,1123,546.33555,60,565,159
2025-04-02,2025,14,3,day,1650,505.22717,310,534,469
2025-04-02,2025,14,3,night,1356,701.94625,72,671,216
2025-04-03,2025,14,4,day,1745,411.49113,343,478,482
2025-04-03,2025,14,4,night,1142,585.98404,36,677,139
2025-04-04,2025,14,5,day,1702,518.57832,340,525,469
2025-04-04,2025,14,5,night,696,422.99043,23,417,124
2025-04-05,2025,14,6,night,258,124.33786,0,127,18
2025-04-07,2025,15,1,day,1937,580.46579,417,515,541
2025-04-07,2025,15,1,night,716,380.11797,32,382,115
2025-04-08,2025,15,2,day,2070,628.58554,439,650,575
2025-04-08,2025,15,2,night,1025,542.73305,77,532,159
2025-04-09,2025,15,3,day,1870,558.46804,362,514,502
2025-04-09,2025,15,3,night,955,544.49841,44,529,150
2025-04-10,2025,15,4,day,2033,528.4272,425,536,540
2025-04-10,2025,15,4,night,973,513.43589,27,547,126
2025-04-11,2025,15,5,day,1937,580.79037,421,581,519
2025-04-11,2025,15,5,night,958,481.67947,40,453,138
2025-04-12,2025,15,6,night,259,119.09656,11,80,48
2025-04-13,2025,15,7,night,15,5.499,0,8,3
2025-04-14,2025,16,1,day,1662,456.50994,390,435,510
2025-04-14,2025,16,1,night,617,333.2353,49,336,107
2025-04-15,2025,16,2,day,2128,556.12487,378,597,504
2025-04-15,2025,16,2,night,1274,597.76887,70,557,167
2025-04-16,2025,16,3,day,1567,322.68966,380,299,451
2025-04-16,2025,16,3,night,1055,633.61857,57,547,141
2025-04-17,2025,16,4,day,1691,532.77138,284,504,368
2025-04-17,2025,16,4,night,820,321.34707,55,330,165
2025-04-18,2025,16,5,day,746,223.27575,188,237,233
2025-04-18,2025,16,5,night,589,298.41996,43,328,111
2025-04-19,2025,16,6,night,227,65.10269,9,102,38
2025-04-22,2025,17,2,day,1686,516.37304,395,574,497
2025-04-22,2025,17,2,night,546,265.18050999999997,60,275,120
2025-04-23,2025,17,3,day,2210,483.65664,521,492,634
2025-04-23,2025,17,3,night,773,329.73266,69,312,156
2025-04-24,2025,17,4,day,2075,564.40121,409,569,537
2025-04-24,2025,17,4,night,1199,589.84968,101,627,183
2025-04-25,2025,17,5,day,2009,557.36633,348,478,486
2025-04-25,2025,17,5,night,973,508.08535,32,565,164
2025-04-26,2025,17,6,night,302,266.82377,0,261,37
2025-04-27,2025,17,7,night,93,89.989,0,87,5
2025-04-28,2025,18,1,day,2044,648.49952,378,638,491
2025-04-28,2025,18,1,night,781,421.75831,39,418,121
2025-04-29,2025,18,2,day,2042,511.72388,399,455,539
2025-04-29,2025,18,2,night,1035,558.61275,59,547,140
2025-04-30,2025,18,3,day,1542,402.16252000000003,322,505,438
2025-04-30,2025,18,3,night,1000,647.31056,45,656,152
2025-05-01,2025,18,4,night,288,231.09992,0,237,35
2025-05-02,2025,18,5,day,1388,446.38731,306,414,415
2025-05-02,2025,18,5,night,769,272.37489,134,304,183
2025-05-03,2025,18,6,night,348,133.68245,46,118,76
2025-05-04,2025,18,7,night,18,10.972000000000001,0,18,2
2025-05-05,2025,19,1,day,1759,467.65689,339,439,479
2025-05-05,2025,19,1,night,883,426.52904,43,474,142
2025-05-06,2025,19,2,day,1743,443.62606,338,435,472
2025-05-06,2025,19,2,night,941,578.9837,43,554,141
2025-05-07,2025,19,3,day,1963,503.83313,393,537,525
2025-05-07,2025,19,3,night,1228,645.78048,44,612,139
2025-05-08,2025,19,4,day,1817,340.77911,468,364,538
2025-05-08,2025,19,4,night,822,405.4741,34,406,129
2025-05-09,2025,19,5,day,1607,410.79264,347,427,434
2025-05-09,2025,19,5,night,1129,478.87435,77,477,162
2025-05-10,2025,19,6,night,261,133.50616,1,126,23
2025-05-11,2025,19,7,night,2,0.094,0,1,1
2025-05-12,2025,20,1,day,2170,570.17705,421,554,550
2025-05-12,2025,20,1,night,666,322.98469,48,339,136
2025-05-13,2025,20,2,day,2064,550.43682,379,500,577
2025-05-13,2025,20,2,night,922,403.39426,71,416,147
2025-05-14,2025,20,3,day,2220,688.56035,426,684,544
2025-05-14,2025,20,3,night,1018,456.87341,68,457,164
2025-05-15,2025,20,4,day,2117,732.16423,378,694,552
2025-05-15,2025,20,4,night,1312,692.88121,42,718,178
2025-05-16,2025,20,5,day,1943,493.73984,411,547,540
2025-05-16,2025,20,5,night,1041,549.3672,56,538,153
2025-05-17,2025,20,6,night,411,248.09489,3,211,34
2025-05-19,2025,21,1,day,1883,639.96591,349,570,500
2025-05-19,2025,21,1,night,683,319.43153,69,344,133
2025-05-20,2025,21,2,day,2325,686.40836,428,637,578
2025-05-20,2025,21,2,night,1085,425.8021,88,479,170
2025-05-21,2025,21,3,day,2264,515.3472,434,526,555
2025-05-21,2025,21,3,night,1102,567.09996,61,493,186
2025-05-22,2025,21,4,day,1953,500.74273,379,512,515
2025-05-22,2025,21,4,night,779,443.77476,52,399,135
2025-05-23,2025,21,5,day,1874,500.50469,418,506,520
2025-05-23,2025,21,5,night,666,383.38744,40,380,116
2025-05-24,2025,21,6,night,38,35.52784,0,31,5
2025-05-26,2025,22,1,day,1862,516.40785,403,514,543
2025-05-26,2025,22,1,night,617,286.20529,66,304,118
2025-05-27,2025,22,2,day,2434,697.51987,394,698,536
2025-05-27,2025,22,2,night,1018,317.25483,69,443,167
2025-05-28,2025,22,3,day,1992,513.38119,386,436,469
2025-05-28,2025,22,3,night,977,500.592917,64,486,153
2025-05-29,2025,22,4,day,2145,647.916285,369,637,528
2025-05-29,2025,22,4,night,834,415.90613,26,415,135
2025-05-30,2025,22,5,day,1736,607.289128,310,611,429
2025-05-30,2025,22,5,night,706,495.165063,20,504,99
2025-06-01,2025,22,7,night,10,0.075,9,1,8
2025-06-02,2025,23,1,day,1810,581.734424,313,543,412
2025-06-02,2025,23,1,night,647,282.332907,29,261,102
2025-06-03,2025,23,2,day,2032,529.738327,439,557,560
2025-06-03,2025,23,2,night,864,462.47240899999997,33,423,103
2025-06-04,2025,23,3,day,2170,549.980175,415,531,531
2025-06-04,2025,23,3,night,1165,491.291834,69,515,156
2025-06-05,2025,23,4,day,2098,491.846587,418,454,561
2025-06-05,2025,23,4,night,844,337.407579,73,343,104
2025-06-06,2025,23,5,day,1839,487.784569,372,526,480
2025-06-06,2025,23,5,night,860,539.54947,52,519,165
2025-06-07,2025,23,6,night,98,42.1342,0,44,11
2025-06-09,2025,24,1,day,1511,490.53893899999997,256,485,376
2025-06-09,2025,24,1,night,623,328.763643,43,413,101
2025-06-10,2025,24,2,day,1870,480.051221,368,478,538
2025-06-10,2025,24,2,night,997,467.806302,72,448,135
2025-06-11,2025,24,3,day,1953,531.636667,394,496,505
2025-06-11,2025,24,3,night,995,502.206895,62,490,173
2025-06-12,2025,24,4,day,1907,616.827825,331,602,474
2025-06-12,2025,24,4,night,1166,700.45312,73,665,160
2025-06-13,2025,24,5,day,1873,495.697806,374,498,483
2025-06-13,2025,24,5,night,901,417.056347,41,417,143
2025-06-14,2025,24,6,night,408,200.04644,6,198,43
2025-06-15,2025,24,7,night,7,5.25,0,1,1
2025-06-16,2025,25,1,day,2089,490.07799,396,479,507
2025-06-16,2025,25,1,night,518,246.29,39,246,97
2025-06-17,2025,25,2,day,2331,517.997796,459,522,572
2025-06-17,2025,25,2,night,955,371.525624,106,417,189
2025-06-18,2025,25,3,day,1786,432.026769,358,452,517
2025-06-18,2025,25,3,night,881,406.445131,39,486,135
2025-06-19,2025,25,4,day,2353,580.757085,422,541,486
2025-06-19,2025,25,4,night,707,388.606823,38,425,108
2025-06-20,2025,25,5,day,1733,489.007887,356,508,489
2025-06-20,2025,25,5,night,254,158.91894,3,150,46
2025-06-21,2025,25,6,night,41,17.748,0,4,2
2025-06-23,2025,26,1,day,1920,611.520447,340,572,513
2025-06-23,2025,26,1,night,761,372.252023,51,356,118
2025-06-24,2025,26,2,day,2026,694.890614,386,713,565
2025-06-24,2025,26,2,night,1057,539.904931,67,524,168
2025-06-25,2025,26,3,day,2123,640.068534,353,669,499
2025-06-25,2025,26,3,night,1074,479.013623,49,464,136
2025-06-26,2025,26,4,day,1832,546.5925129999999,367,605,534
2025-06-26,2025,26,4,night,1072,584.604727,26,534,124
2025-06-27,2025,26,5,day,2016,588.593935,413,532,569
2025-06-27,2025,26,5,night,677,326.840483,41,311,101
2025-06-28,2025,26,6,night,180,81.396551,3,83,30
2025-06-30,2025,27,1,day,2074,647.798928,389,591,451
2025-06-30,2025,27,1,night,631,350.997327,55,319,106
2025-07-01,2025,27,2,day,2209,697.456835,371,626,544
2025-07-01,2025,27,2,night,963,440.76358700000003,64,411,155
2025-07-02,2025,27,3,day,2152,652.185137,342,669,510
2025-07-02,2025,27,3,night,968,466.877553,65,423,165
2025-07-03,2025,27,4,day,2123,453.585222,357,537,539
2025-07-03,2025,27,4,night,889,489.730088,42,427,125
2025-07-04,2025,27,5,day,2127,613.763461,444,652,560
2025-07-04,2025,27,5,night,850,534.25798,12,548,137
2025-07-05,2025,27,6,night,204,102.20903,2,146,12
2025-07-07,2025,28,1,day,1658,463.391711,327,476,460
2025-07-07,2025,28,1,night,747,444.229149,62,464,143
2025-07-08,2025,28,2,day,1946,493.314544,371,494,507
2025-07-08,2025,28,2,night,823,376.787356,62,377,161
2025-07-09,2025,28,3,day,1786,432.773994,324,423,451
2025-07-09,2025,28,3,night,921,384.837491,63,382,160
2025-07-10,2025,28,4,day,1742,480.809804,340,442,436
2025-07-10,2025,28,4,night,847,457.344093,50,466,136
2025-07-11,2025,28,5,day,1774,482.784642,442,533,536
2025-07-11,2025,28,5,night,720,400.501387,9,378,110
2025-07-12,2025,28,6,night,302,184.3548,0,195,31
2025-07-14,2025,29,1,day,1800,512.03884,339,451,476
2025-07-14,2025,29,1,night,470,220.33613,60,221,102
2025-07-15,2025,29,2,day,1663,432.609662,364,416,484
2025-07-15,2025,29,2,night,929,442.994623,49,478,142
2025-07-16,2025,29,3,day,1973,523.74344,439,508,545
2025-07-16,2025,29,3,night,857,324.152884,99,320,117
2025-07-17,2025,29,4,day,1793,463.556854,351,476,492
2025-07-17,2025,29,4,night,618,271.623791,43,316,108
2025-07-18,2025,29,5,day,1739,441.70246399999996,398,468,496
2025-07-18,2025,29,5,night,282,163.80022,12,179,51
2025-07-19,2025,29,6,night,367,106.15864,4,151,24
2025-07-20,2025,29,7,night,1,0.37926,0,1,1
2025-07-21,2025,30,1,day,1567,481.05479,320,411,404
2025-07-21,2025,30,1,night,591,224.912079,29,265,90
2025-07-22,2025,30,2,day,1563,442.757243,367,409,457
2025-07-22,2025,30,2,night,745,293.820788,48,219,114
2025-07-23,2025,30,3,day,1604,459.780207,261,406,374
2025-07-23,2025,30,3,night,873,429.570115,27,430,94
2025-07-24,2025,30,4,day,1506,352.902428,279,348,362
2025-07-24,2025,30,4,night,613,261.183851,37,353,109
2025-07-25,2025,30,5,day,1443,365.731026,305,368,379
2025-07-25,2025,30,5,night,538,235.01679,49,235,95
2025-07-26,2025,30,6,night,142,80.16608,0,85,18
2025-07-28,2025,31,1,day,1369,377.368092,283,420,378
2025-07-28,2025,31,1,night,501,236.530745,26,187,62
2025-07-29,2025,31,2,day,1575,378.628159,313,353,417
2025-07-29,2025,31,2,night,744,280.570308,36,337,99
2025-07-30,2025,31,3,day,1651,474.300669,323,483,422
2025-07-30,2025,31,3,night,675,344.411722,30,319,68
2025-07-31,2025,31,4,day,1659,394.336997,307,332,358
2025-07-31,2025,31,4,night,356,144.463388,48,123,95
2025-08-01,2025,31,5,day,1519,328.246492,330,327,447
2025-08-01,2025,31,5,night,357,202.289942,19,229,68
2025-08-02,2025,31,6,night,142,94.99173,0,100,24
2025-08-04,2025,32,1,day,1747,480.166179,330,441,433
2025-08-04,2025,32,1,night,400,119.572156,48,132,80
2025-08-05,2025,32,2,day,1611,394.366833,322,417,458
2025-08-05,2025,32,2,night,724,262.2296,33,255,102
2025-08-06,2025,32,3,day,1685,426.310164,309,447,423
2025-08-06,2025,32,3,night,380,125.60003,19,125,50
2025-08-07,2025,32,4,day,1462,402.316263,297,427,416
2025-08-07,2025,32,4,night,929,308.218465,35,404,110
2025-08-08,2025,32,5,day,1314,344.248835,256,395,345
2025-08-08,2025,32,5,night,447,267.284404,33,271,99
2025-08-09,2025,32,6,night,122,89.6722,0,90,11
2025-08-11,2025,33,1,day,1602,452.19271399999997,357,394,408
2025-08-11,2025,33,1,night,422,205.58061,44,213,92
2025-08-12,2025,33,2,day,1696,371.43591,360,392,473
2025-08-12,2025,33,2,night,667,281.882948,29,288,96
2025-08-13,2025,33,3,day,2025,589.582344,345,439,455
2025-08-13,2025,33,3,night,941,358.775399,60,417,153
2025-08-14,2025,33,4,day,1652,487.19935399999997,346,467,444
2025-08-14,2025,33,4,night,722,401.348986,22,381,112
2025-08-15,2025,33,5,day,1337,285.76473,349,285,395
2025-08-15,2025,33,5,night,476,228.573846,42,239,84
2025-08-16,2025,33,6,night,288,135.51904,0,156,33
2025-08-18,2025,34,1,day,1479,544.362322,329,588,431
2025-08-18,2025,34,1,night,578,380.91238,36,372,95
2025-08-19,2025,34,2,day,1603,373.14422,320,383,422
2025-08-19,2025,34,2,night,772,389.434389,81,327,115
2025-08-20,2025,34,3,day,1770,499.073273,328,473,464
2025-08-20,2025,34,3,night,807,436.194363,51,406,128
2025-08-21,2025,34,4,day,1682,507.693718,308,533,457
2025-08-21,2025,34,4,night,892,397.21831,46,458,126
2025-08-22,2025,34,5,day,1574,402.643775,340,414,417
2025-08-22,2025,34,5,night,570,356.894912,43,325,98
2025-08-23,2025,34,6,night,147,66.63905,2,49,15
2025-08-25,2025,35,1,day,1547,384.795877,283,403,419
2025-08-25,2025,35,1,night,535,339.586266,39,371,109
2025-08-26,2025,35,2,day,2023,541.923596,315,495,440
2025-08-26,2025,35,2,night,923,435.195532,65,419,131
2025-08-27,2025,35,3,day,1924,541.969499,363,519,488
2025-08-27,2025,35,3,night,1110,562.851495,35,563,145
2025-08-28,2025,35,4,day,1875,500.92783000000003,308,497,446
2025-08-28,2025,35,4,night,850,584.955578,21,568,116
2025-08-29,2025,35,5,day,1754,579.668862,316,643,446
2025-08-29,2025,35,5,night,520,320.026048,40,263,82
2025-08-30,2025,35,6,night,192,14.66848,22,26,29
2025-09-01,2025,36,1,day,1559,422.684604,315,410,435
2025-09-01,2025,36,1,night,489,227.382665,21,237,83
2025-09-02,2025,36,2,day,2046,492.939305,375,499,524
2025-09-02,2025,36,2,night,897,325.531267,98,329,192
2025-09-03,2025,36,3,day,2024,471.289919,436,497,551
2025-09-03,2025,36,3,night,794,328.484407,119,299,147
2025-09-04,2025,36,4,day,2235,597.535716,313,537,488
2025-09-04,2025,36,4,night,865,422.296103,43,386,131
2025-09-05,2025,36,5,day,2061,495.077068,415,490,561
2025-09-05,2025,36,5,night,713,352.059647,45,324,135
2025-09-06,2025,36,6,night,308,163.745494,0,155,39
2025-09-08,2025,37,1,day,1753,516.609031,354,507,477
2025-09-08,2025,37,1,night,583,294.15861,30,324,88
2025-09-09,2025,37,2,day,2076,505.95092999999997,410,499,533
2025-09-09,2025,37,2,night,1117,444.959082,132,424,189
2025-09-10,2025,37,3,day,2203,579.493226,410,562,537
2025-09-10,2025,37,3,night,789,331.906616,47,337,133
2025-09-11,2025,37,4,day,2243,705.899313,343,632,501
2025-09-11,2025,37,4,night,1019,482.427701,58,462,149
2025-09-12,2025,37,5,day,1778,430.116286,431,397,529
2025-09-12,2025,37,5,night,928,432.225983,77,480,170
2025-09-13,2025,37,6,night,441,327.3009,1,309,42
2025-09-14,2025,37,7,night,2,0.906,0,1,1
2025-09-15,2025,38,1,day,1664,451.481857,363,469,479
2025-09-15,2025,38,1,night,642,346.895029,51,281,109
2025-09-16,2025,38,2,day,1906,466.964749,371,430,476
2025-09-16,2025,38,2,night,1184,490.585669,104,433,184
2025-09-17,2025,38,3,day,2428,578.294193,368,492,499
2025-09-17,2025,38,3,night,847,403.780347,64,390,138
2025-09-18,2025,38,4,day,2021,645.892641,338,547,480
2025-09-18,2025,38,4,night,1132,683.90891,47,602,136
2025-09-19,2025,38,5,day,2054,477.31157,417,498,523
2025-09-19,2025,38,5,night,860,455.84689,41,475,132
2025-09-20,2025,38,6,night,383,159.30046,37,167,39
2025-09-22,2025,39,1,day,1712,488.42242,358,455,484
2025-09-22,2025,39,1,night,581,298.82862,69,289,107
2025-09-23,2025,39,2,day,1909,465.32306,413,461,566
2025-09-23,2025,39,2,night,1038,485.19662999999997,30,488,130
2025-09-24,2025,39,3,day,1945,469.80292000000003,428,555,563
2025-09-24,2025,39,3,night,1026,549.9108200000001,52,558,165
2025-09-25,2025,39,4,day,2165,653.19576,381,605,509
2025-09-25,2025,39,4,night,747,294.68031,36,353,128
2025-09-26,2025,39,5,day,1905,485.26942,448,462,560
2025-09-26,2025,39,5,night,819,444.42095,34,422,128
2025-09-27,2025,39,6,day,81,20.238,0,24,2
2025-09-27,2025,39,6,night,501,352.90472,0,363,53
2025-09-28,2025,39,7,night,8,7.63928,0,7,1
2025-09-29,2025,40,1,day,1700,682.11921,337,665,443
2025-09-29,2025,40,1,night,978,358.10091,59,391,144
2025-09-30,2025,40,2,day,2419,701.90359,413,620,578
2025-09-30,2025,40,2,night,956,446.40366,59,404,143
2025-10-01,2025,40,3,day,2287,646.06272,499,679,584
2025-10-01,2025,40,3,night,832,393.33612999999997,54,390,151
2025-10-02,2025,40,4,day,1958,551.71294,344,510,473
2025-10-02,2025,40,4,night,981,457.90279,78,421,186
2025-10-03,2025,40,5,day,1816,395.36359,334,450,452
2025-10-03,2025,40,5,night,860,468.70539,34,440,125
2025-10-04,2025,40,6,night,119,82.69806,0,72,12
2025-10-06,2025,41,1,day,1774,419.4969,429,417,520
2025-10-06,2025,41,1,night,653,285.75051,24,321,124
2025-10-07,2025,41,2,day,2080,613.43225,393,630,516
2025-10-07,2025,41,2,night,975,475.94374999999997,86,422,142
2025-10-08,2025,41,3,day,1962,462.25226,378,478,490
2025-10-08,2025,41,3,night,915,390.36317,59,389,159
2025-10-09,2025,41,4,day,1715,522.82708,341,493,459
2025-10-09,2025,41,4,night,740,433.07144,38,397,116
2025-10-10,2025,41,5,day,1913,425.506581,425,432,528
2025-10-10,2025,41,5,night,747,387.89376,24,388,94
2025-10-11,2025,41,6,night,330,156.4208,2,213,33
2025-10-12,2025,41,7,night,25,15.941170000000001,0,5,2
2025-10-13,2025,42,1,day,1932,589.44431,378,500,460
2025-10-13,2025,42,1,night,805,540.73139,28,498,122
2025-10-14,2025,42,2,day,1889,440.77879,374,442,495
2025-10-14,2025,42,2,night,963,456.47384999999997,65,435,156
2025-10-15,2025,42,3,day,2070,521.2732,355,580,448
2025-10-15,2025,42,3,night,992,509.76367,59,497,173
2025-10-16,2025,42,4,day,1995,532.1076,314,492,432
2025-10-16,2025,42,4,night,1215,549.88611,92,565,191
2025-10-17,2025,42,5,day,1802,439.46092,347,456,483
2025-10-17,2025,42,5,night,876,398.33344,78,435,174
2025-10-18,2025,42,6,night,336,144.01711,10,149,49
2025-10-20,2025,43,1,day,1724,519.39169,372,501,485
2025-10-20,2025,43,1,night,652,295.21639,56,286,114
2025-10-21,2025,43,2,day,2244,599.61323,368,534,506
2025-10-21,2025,43,2,night,892,450.67843,82,454,168
2025-10-22,2025,43,3,day,2521,761.13238,464,801,575
2025-10-22,2025,43,3,night,949,531.56892,53,521,149
2025-10-23,2025,43,4,day,1991,426.69919,358,506,473
2025-10-23,2025,43,4,night,840,436.38082,41,439,121
2025-10-24,2025,43,5,day,2157,549.65953,458,489,538
2025-10-24,2025,43,5,night,854,463.82768,65,441,154
2025-10-25,2025,43,6,night,318,218.07503,5,215,33
2025-10-27,2025,44,1,day,1927,528.03872,346,486,446
2025-10-27,2025,44,1,night,639,361.96984,45,343,111
2025-10-28,2025,44,2,day,2181,610.56125,421,560,508
2025-10-28,2025,44,2,night,1008,585.56979,23,606,152
2025-10-29,2025,44,3,day,2090,548.92304,364,441,475
2025-10-29,2025,44,3,night,854,546.80983,51,494,138
2025-10-30,2025,44,4,day,2373,716.22681,422,739,543
2025-10-30,2025,44,4,night,754,370.51566,52,418,149
2025-10-31,2025,44,5,day,1876,503.64233,397,502,491
2025-10-31,2025,44,5,night,839,442.24698,20,509,132
2025-11-01,2025,44,6,night,342,99.9625,0,121,30
2025-11-03,2025,45,1,day,1938,572.00977,358,514,491
2025-11-03,2025,45,1,night,627,409.78727,23,451,93
2025-11-04,2025,45,2,day,1880,499.93375,359,432,500
2025-11-04,2025,45,2,night,875,379.42133,79,358,169
2025-11-05,2025,45,3,day,2120,614.14203,402,653,512
2025-11-05,2025,45,3,night,960,524.27747,47,579,139
2025-11-06,2025,45,4,day,1897,498.18051,397,524,517
2025-11-06,2025,45,4,night,976,494.71473,55,512,150
2025-11-07,2025,45,5,day,1918,486.62284,408,415,502
2025-11-07,2025,45,5,night,1117,586.2660099999999,49,664,133
2025-11-08,2025,45,6,night,349,123.18714,3,69,32
2025-11-10,2025,46,1,day,2142,740.94111,376,762,538
2025-11-10,2025,46,1,night,713,435.67394,53,491,134
2025-11-11,2025,46,2,day,1847,533.905036,338,454,457
2025-11-11,2025,46,2,night,1069,429.15868,60,425,141
2025-11-12,2025,46,3,day,1822,493.973572,355,471,500
2025-11-12,2025,46,3,night,1057,535.842196,42,537,160
2025-11-13,2025,46,4,day,1491,433.58811,337,410,418
2025-11-13,2025,46,4,night,674,345.94611,45,301,127
2025-11-14,2025,46,5,day,1788,525.41725,342,481,486
2025-11-14,2025,46,5,night,621,301.11874,36,308,119
2025-11-15,2025,46,6,night,357,139.42119,33,160,38
2025-11-17,2025,47,1,day,1921,483.5635,414,523,506
2025-11-17,2025,47,1,night,725,327.32033,22,297,106
2025-11-18,2025,47,2,day,2251,575.304866,375,523,552
2025-11-18,2025,47,2,night,1152,605.97629,57,628,163
2025-11-19,2025,47,3,day,2065,598.233684,344,515,471
2025-11-19,2025,47,3,night,995,453.398128,76,486,169
2025-11-20,2025,47,4,day,1955,504.58279,376,468,532
2025-11-20,2025,47,4,night,855,465.079274,33,472,108
2025-11-21,2025,47,5,day,2016,406.86681,417,424,544
2025-11-21,2025,47,5,night,729,473.40305,36,411,121
2025-11-22,2025,47,6,night,393,256.82608,6,254,42
2025-11-23,2025,47,7,night,7,5.106,0,3,2
2025-11-24,2025,48,1,day,1645,434.99434,364,438,490
2025-11-24,2025,48,1,night,857,530.532372,25,510,130
2025-11-25,2025,48,2,day,1961,524.00543,423,455,538
2025-11-25,2025,48,2,night,1068,512.57322,69,488,161
2025-11-26,2025,48,3,day,2096,541.09859,363,570,529
2025-11-26,2025,48,3,night,989,434.17927,107,444,154
2025-11-27,2025,48,4,day,1952,538.6445,413,520,529
2025-11-27,2025,48,4,night,1417,647.02479,50,574,180
2025-11-28,2025,48,5,day,2015,622.471378,335,554,451
2025-11-28,2025,48,5,night,1214,551.041436,64,521,156
2025-11-29,2025,48,6,night,577,367.121482,16,371,47
2025-11-30,2025,48,7,night,22,9.64713,0,5,2
2025-12-01,2025,49,1,day,1700,468.86341,370,441,467
2025-12-01,2025,49,1,night,784,468.70411,45,440,130
2025-12-02,2025,49,2,day,1848,562.942074,378,521,490
2025-12-02,2025,49,2,night,1391,699.06134,41,590,180
2025-12-03,2025,49,3,day,2133,531.446534,447,465,507
2025-12-03,2025,49,3,night,1162,661.8417,59,679,185
2025-12-04,2025,49,4,day,2001,560.333799,418,476,512
2025-12-04,2025,49,4,night,1024,435.18255,68,438,156
2025-12-05,2025,49,5,day,1988,488.232618,422,504,527
2025-12-05,2025,49,5,night,914,405.733034,40,371,150
2025-12-06,2025,49,6,night,563,321.38494,3,277,62
2025-12-08,2025,50,1,day,2001,545.566542,399,504,499
2025-12-08,2025,50,1,night,745,440.25572,32,453,107
2025-12-09,2025,50,2,day,2083,655.158356,334,562,483
2025-12-09,2025,50,2,night,1220,598.41873,71,575,164
2025-12-10,2025,50,3,day,2093,609.341742,398,576,514
2025-12-10,2025,50,3,night,1365,816.6217,73,795,195
2025-12-11,2025,50,4,day,1949,612.522754,347,545,486
2025-12-11,2025,50,4,night,1024,611.7301199999999,44,611,159
2025-12-12,2025,50,5,day,1831,502.22068,378,495,519
2025-12-12,2025,50,5,night,958,510.780846,39,523,143
2025-12-13,2025,50,6,night,264,205.54988,1,209,31
2025-12-15,2025,51,1,day,1774,491.5002,356,492,473
2025-12-15,2025,51,1,night,736,409.58154,27,431,105
2025-12-16,2025,51,2,day,1846,478.06971599999997,335,440,443
2025-12-16,2025,51,2,night,1106,425.42695,99,428,153
2025-12-17,2025,51,3,day,1531,415.25253,249,477,358
2025-12-17,2025,51,3,night,1244,775.75913,33,731,130
2025-12-18,2025,51,4,day,1092,277.907446,239,244,271
2025-12-18,2025,51,4,night,714,322.67074,49,361,94
2025-12-19,2025,51,5,day,372,198.2167,83,193,101
2025-12-19,2025,51,5,night,118,27.27761,13,32,18
2025-12-22,2025,52,1,day,422,198.18666,48,167,66
2025-12-22,2025,52,1,night,4,3.132,0,4,1
2025-12-23,2025,52,2,day,610,196.82487,119,159,114
2025-12-29,2026,1,1,day,782,315.54695,53,278,103
2025-12-30,2026,1,2,day,882,173.009484,233,166,211
2026-01-01,2026,1,4,night,105,27.35304,32,34,37
2026-01-02,2026,1,5,day,1621,476.829262,278,406,401
2026-01-02,2026,1,5,night,945,380.11636,80,373,172
2026-01-03,2026,1,6,night,706,353.93219,9,284,93
2026-01-04,2026,1,7,night,52,18.71493,0,10,8
2026-01-05,2026,2,1,day,1713,576.955106,196,575,366
2026-01-05,2026,2,1,night,847,567.99212,31,534,144
2026-01-06,2026,2,2,day,1539,490.013646,253,498,372
2026-01-06,2026,2,2,night,1043,548.61822,47,509,141
2026-01-07,2026,2,3,day,1453,432.78532,273,400,371
2026-01-07,2026,2,3,night,1116,506.00702,27,573,114
2026-01-08,2026,2,4,day,1614,423.46918,298,440,426
2026-01-08,2026,2,4,night,463,244.78983,20,246,83
2026-01-09,2026,2,5,day,1748,548.23394,347,493,432
2026-01-09,2026,2,5,night,625,285.49435,31,231,85
2026-01-10,2026,2,6,night,224,132.33515,20,127,43
2026-01-11,2026,2,7,night,4,3.776,0,2,1
2026-01-12,2026,3,1,day,1914,557.11402,332,500,455
2026-01-12,2026,3,1,night,708,430.71737,33,457,117
2026-01-13,2026,3,2,day,1871,516.641494,339,464,459
2026-01-13,2026,3,2,night,1042,516.12287,40,447,148
2026-01-14,2026,3,3,day,1792,540.3267079999999,334,535,466
2026-01-14,2026,3,3,night,981,428.063388,46,448,140
2026-01-15,2026,3,4,day,1811,482.875074,267,496,403
2026-01-15,2026,3,4,night,948,421.94879000000003,41,416,140
2026-01-16,2026,3,5,day,1760,470.923408,364,395,462
2026-01-16,2026,3,5,night,790,549.49226,21,528,117
2026-01-17,2026,3,6,day,103,90.681,0,85,4
2026-01-17,2026,3,6,night,195,94.17219,14,81,28
2026-01-19,2026,4,1,day,1809,465.38516,324,444,491
2026-01-19,2026,4,1,night,789,451.64526,29,462,134
2026-01-20,2026,4,2,day,1881,607.89527,389,548,486
2026-01-20,2026,4,2,night,1190,521.197108,50,532,165
2026-01-21,2026,4,3,day,1979,422.224268,389,380,498
2026-01-21,2026,4,3,night,1012,442.865984,65,428,174
2026-01-22,2026,4,4,day,2229,554.364422,469,499,549
2026-01-22,2026,4,4,night,875,428.59306,56,403,150
2026-01-23,2026,4,5,day,2052,526.97627,422,533,519
2026-01-23,2026,4,5,night,984,421.61098,50,384,137
2026-01-24,2026,4,6,night,216,173.62974,1,174,27
2026-01-26,2026,5,1,day,2083,668.35045,362,632,518
2026-01-26,2026,5,1,night,740,413.16433,26,406,123
2026-01-27,2026,5,2,day,2202,628.82999,357,576,538
2026-01-27,2026,5,2,night,1132,549.50996,67,565,155
2026-01-28,2026,5,3,day,2070,661.60026,355,605,520
2026-01-28,2026,5,3,night,1072,539.07604,65,611,197
2026-01-29,2026,5,4,day,2125,641.47938,390,592,523
2026-01-29,2026,5,4,night,949,567.65026,43,607,149
2026-01-30,2026,5,5,day,1824,460.2189,421,449,495
2026-01-30,2026,5,5,night,631,273.00288,31,321,91
2026-01-31,2026,5,6,night,198,117.504,3,115,17
2026-02-02,2026,6,1,day,1832,445.46677,377,457,492
2026-02-02,2026,6,1,night,618,303.67887,41,278,111
2026-02-03,2026,6,2,day,1893,405.23199999999997,368,399,472
2026-02-03,2026,6,2,night,1043,529.38764,105,416,122
2026-02-04,2026,6,3,day,2316,611.63362,366,551,456
2026-02-04,2026,6,3,night,1071,521.3514,59,558,189
2026-02-05,2026,6,4,day,2172,663.78181,383,585,520
2026-02-05,2026,6,4,night,932,420.38166,51,381,157
2026-02-06,2026,6,5,day,1868,539.06341,374,552,485
2026-02-06,2026,6,5,night,827,422.7869,29,399,129
2026-02-07,2026,6,6,night,223,119.11955,0,115,41
2026-02-09,2026,7,1,day,2115,595.69305,398,497,524
2026-02-09,2026,7,1,night,678,366.63149,51,373,122
2026-02-10,2026,7,2,day,2132,595.97302,448,579,556
2026-02-10,2026,7,2,night,966,432.07802,51,443,128
2026-02-11,2026,7,3,day,2631,767.72036,442,758,565
2026-02-11,2026,7,3,night,1000,495.94157,57,480,164
2026-02-12,2026,7,4,day,2065,589.54252,382,548,514
2026-02-12,2026,7,4,night,925,540.25555,50,592,138
2026-02-13,2026,7,5,day,2047,564.53265,411,520,488
2026-02-13,2026,7,5,night,819,466.98759,37,442,140
2026-02-14,2026,7,6,night,206,86.90991,21,102,42
2026-02-16,2026,8,1,day,1905,549.44726,344,486,494
2026-02-16,2026,8,1,night,830,440.72076,66,459,134
2026-02-17,2026,8,2,day,2215,651.02551,390,565,512
2026-02-17,2026,8,2,night,1058,518.86901,51,512,149
2026-02-18,2026,8,3,day,2033,559.0672500000001,404,588,542
2026-02-18,2026,8,3,night,980,507.60823,57,501,161
2026-02-19,2026,8,4,day,2182,573.89194,435,541,527
2026-02-19,2026,8,4,night,1016,457.32818,48,477,152
2026-02-20,2026,8,5,day,2112,582.44942,408,585,515
2026-02-20,2026,8,5,night,1077,533.07467,41,545,160
2026-02-21,2026,8,6,day,93,84.26,0,89,4
2026-02-21,2026,8,6,night,356,151.93341,3,101,30
2026-02-23,2026,9,1,day,1959,632.542945,392,572,533
2026-02-23,2026,9,1,night,820,476.80172999999996,16,446,111
2026-02-24,2026,9,2,day,2229,653.40717,449,630,566
2026-02-24,2026,9,2,night,1097,569.73787,62,594,171
2026-02-25,2026,9,3,day,2210,666.195823,374,683,502
2026-02-25,2026,9,3,night,1102,615.52799,36,617,156
2026-02-26,2026,9,4,day,2127,582.9722,356,683,508
2026-02-26,2026,9,4,night,1132,662.25139,29,718,153
2026-02-27,2026,9,5,day,1916,461.966155,410,489,500
2026-02-27,2026,9,5,night,940,492.02109,42,422,112
2026-02-28,2026,9,6,night,159,59.63512,0,88,13
2026-03-02,2026,10,1,day,1808,501.064635,316,481,491
2026-03-02,2026,10,1,night,839,456.42213,46,480,134
2026-03-03,2026,10,2,day,2387,536.118766,456,476,547
2026-03-03,2026,10,2,night,980,429.76248,111,457,189
2026-03-04,2026,10,3,day,2053,483.239621,418,455,528
2026-03-04,2026,10,3,night,1160,551.52471,50,524,149
2026-03-05,2026,10,4,day,2080,540.92746,390,507,523
2026-03-05,2026,10,4,night,925,456.793715,35,382,149
2026-03-06,2026,10,5,day,1972,590.90783,343,520,471
2026-03-06,2026,10,5,night,869,499.27331,40,454,110
2026-03-07,2026,10,6,night,99,61.74053,2,63,20
2026-03-09,2026,11,1,day,2019,645.04369,367,622,509
2026-03-09,2026,11,1,night,823,386.13486,54,408,152
2026-03-10,2026,11,2,day,2280,760.314515,389,734,547
2026-03-10,2026,11,2,night,1131,662.20913,56,585,158
2026-03-11,2026,11,3,day,2317,776.341895,363,760,506
2026-03-11,2026,11,3,night,1089,602.35438,51,633,178
2026-03-12,2026,11,4,day,2241,669.46985,351,690,512
2026-03-12,2026,11,4,night,838,405.42859,43,364,112
2026-03-13,2026,11,5,day,2213,608.412375,448,626,589
2026-03-13,2026,11,5,night,998,622.50579,30,518,131
2026-03-14,2026,11,6,night,402,211.12476999999998,0,174,51
